1周あたりのドロップ率（％）,,Best5表はこちら,,,,,,,,,,,,,,,,,,,,,,,,,,,,,,,,,,,,,,,,,,,,,,,,,,,,,,,,,,,,,,,,,,,,,,,,,,,,,,,,,,,,,,,,,,,,,,,,,,,,,,,,,,,,,,,,,,,,,,,,,,,,,,,,,,
エリア,クエスト名,,,銅素材,,,,,,,,,,,,,銀素材,,,,,,,,,,,,,,,,,,,,,,金素材,,,,,,,,,,,,,,,,,,輝石,,,,,,,魔石,,,,,,,秘石,,,,,,,ピース,,,,,,,モニュ,,,,,,,猛火,,,,,,,業火,,,,,,,基本絆P,EXP,QP,肖像,,ランチタイム,,,肖像+ランチタイム,,,ティータイム（茶）,,,肖像+ﾌﾚﾃｨｰﾀｲﾑ凸,,,ランチ+茶凸,,,3種,,,,,,
,,AP,データ数,証,骨,牙,塵,鎖,毒針,髄液,鉄杭,火薬,小鐘,剣,灰,刃,種,ﾗﾝﾀﾝ,八連,蛇玉,羽根,歯車,頁,ホム,蹄鉄,勲章,貝殻,勾玉,結氷,指輪,ｵｰﾛﾗ,鈴,矢尻,冠,霊子,糸玉,鱗粉,皮,爪,心臓,逆鱗,根,幼角,涙石,脂,ﾗﾝﾌﾟ,ｽｶﾗﾍﾞ,産毛,胆石,神酒,炉心,鏡,卵,ｶｹﾗ,実,鬼灯,剣輝,弓輝,槍輝,騎輝,術輝,殺輝,狂輝,剣魔,弓魔,槍魔,騎魔,術魔,殺魔,狂魔,剣秘,弓秘,槍秘,騎秘,術秘,殺秘,狂秘,剣ピ,弓ピ,槍ピ,騎ピ,術ピ,殺ピ,狂ピ,剣モ,弓モ,槍モ,騎モ,術モ,殺モ,狂モ,剣猛火,弓猛火,槍猛火,騎猛火,術猛火,殺猛火,狂猛火,剣業火,弓業火,槍業火,騎業火,術業火,殺業火,狂業火,,,,肖像1,肖像2,未凸1,凸1,凸2,像1+凸1,像2+凸1,像1+凸2,ﾌﾚ凸1,自凸1,凸2,像1+茶1,像2+茶1,像1+茶2,ラ+ﾌﾚ茶1,ラ2+自茶,ラ1+茶2,像+ﾗ+ﾌﾚ茶,像2+ﾗ+自茶,像+ﾗ2+自茶,像+ﾗ+茶2,,,
修練場（月）,弓極級,40,4625 ,,,,28.8,,,36.8,,,,,,,27.4,,,,25.1,,,,,,,,,,,,,,,,,,,,,,,16.2,,,,,,9.4,,,,,,,,29.0,,,,,,,109.4,,,,,,,56.2,,,,,,,64.0,,,,,,,82.8,,,,,,,14.7,,,,,,,,,,,,,815,29690 ,8400 ,865,915,831,896,978,946,996,1028,937,855,978,987,955,1028,1018,1018,1059,1068,1037,1068,1109,,,
修練場（月）,弓超級,40,1000 ,19.5,,,26.1,,,,,,,,,,20.9,,,,21.5,,,,20.8,,,,,,,,,,,,,,,,,,,12.2,,,,,,,,,,,,,,20.2,,,,,,,117.9,,,,,,,30.6,,,,,,,80.7,,,,,,,57.9,,,,,,,11.7,,,,,,,,,,,,,615,15690 ,6400 ,665,715,627,676,738,726,776,788,707,645,738,757,745,788,768,768,799,818,807,818,849,,,
修練場（月）,弓上級,30,1351 ,15.8,,,22.6,,,,,,,,,,15.6,,,,9.5,,,,14.7,,,,,,,,,,,,,,,,,,,6.4,,,,,,,,,,,,,,21.1,,,,,,,151.4,,,,,,,15.1,,,,,,,107.9,,,,,,,36.3,,,,,,,8.6,,,,,,,,,,,,,415,5690 ,4400 ,465,515,423,456,498,506,556,548,477,435,498,527,535,548,518,518,539,568,577,568,589,,,
修練場（月）,弓中級,20,1160 ,8.7,34.1,1.1,17.5,,,,,,,,,,14.7,,,,0.8,,,,10.9,,,,,,,,,,,,,,,,,,,,,,,,,,,,,,,,,136.9,,,,,,,39.6,,,,,,,,,,,,,,79.5,,,,,,,18.1,,,,,,,41.0,,,,,,,,,,,,,265,1385 ,2900 ,315,365,270,291,318,341,391,368,304,278,318,354,378,368,331,331,344,381,404,381,394,,,
修練場（月）,弓初級,10,1744 ,10.6,26.0,4.2,6.1,,,,,,,,,,,,,,,,,,5.6,,,,,,,,,,,,,,,,,,,,,,,,,,,,,,,,,139.1,,,,,,,,,,,,,,,,,,,,,53.0,,,,,,,5.9,,,,,,,42.0,,,,,,,,,,,,,115,275 ,1400 ,165,215,117,126,138,176,226,188,132,120,138,182,220,188,143,143,149,193,232,193,199,,,
修練場（火）,槍極級,40,7324 ,,,,28.3,,28.1,,,,,,,,,,,,23.3,,,25.1,,26.5,,,,,,,,,,,,,,,,,14.9,,,,,,,,,,,,,,,,25.0,,,,,,,105.3,,,,,,,54.3,,,,,,,65.0,,,,,,,83.8,,,,,,,7.1,,,,,,,,,,,,815,29690 ,8400 ,865,915,831,896,978,946,996,1028,937,855,978,987,955,1028,1018,1018,1059,1068,1037,1068,1109,,,
修練場（火）,槍超級,40,1100 ,20.5,,,23.4,,,,,,,,,,26.7,,,,12.5,,,19.0,,,,,,,,,,,,,,,,,,,13.3,,,,,,,,,,,,,,,,24.3,,,,,,,116.9,,,,,,,29.1,,,,,,,80.2,,,,,,,57.0,,,,,,,8.1,,,,,,,,,,,,615,15690 ,6400 ,665,715,627,676,738,726,776,788,707,645,738,757,745,788,768,768,799,818,807,818,849,,,
修練場（火）,槍上級,30,1100 ,15.5,,,23.0,,,,,,,,,,23.6,,,,6.3,,,13.8,,,,,,,,,,,,,,,,,,,6.0,,,,,,,,,,,,,,,,20.3,,,,,,,149.4,,,,,,,14.6,,,,,,,103.0,,,,,,,36.3,,,,,,,8.9,,,,,,,,,,,,415,5690 ,4400 ,465,515,423,456,498,506,556,548,477,435,498,527,535,548,518,518,539,568,577,568,589,,,
修練場（火）,槍中級,20,1000 ,7.9,18.8,,14.9,,,,,,,,,,13.4,,,,,,,11.5,,,,,,,,,,,,,,,,,,,,,,,,,,,,,,,,,,,116.0,,,,,,,67.3,,,,,,,,,,,,,,75.6,,,,,,,19.5,,,,,,,36.4,,,,,,,,,,,,265,1385 ,2900 ,315,365,270,291,318,341,391,368,304,278,318,354,378,368,331,331,344,381,404,381,394,,,
修練場（火）,槍初級,10,1785 ,13.5,29.9,,5.7,,,,,,,,,,,,,,,,,5.9,,,,,,,,,,,,,,,,,,,,,,,,,,,,,,,,,,,118.5,,,,,,,,,,,,,,,,,,,,,53.9,,,,,,,6.2,,,,,,,38.0,,,,,,,,,,,,115,275 ,1400 ,165,215,117,126,138,176,226,188,132,120,138,182,220,188,143,143,149,193,232,193,199,,,
修練場（水）,狂極級,40,8308 ,31.9,,,32.0,,,,36.5,,,,,,,,27.8,,,,,,,,,,,,,,,,,,,,16.1,,,,,,,,,,9.2,,,,,,,,,,,,,,25.8,,,,,,,107.6,,,,,,,53.4,,,,,,,64.9,,,,,,,83.2,,,,,,,11.0,,,,,,,,815,29690 ,8400 ,865,915,831,896,978,946,996,1028,937,855,978,987,955,1028,1018,1018,1059,1068,1037,1068,1109,,,
修練場（水）,狂超級,40,1000 ,23.8,,,24.1,,,,,,,,,,,,16.9,,,,,,,,,,,,,,,,,,,,7.4,,,,,,,,,,,,,,,,,,,,,,,,20.8,,,,,,,114.6,,,,,,,24.8,,,,,,,91.1,,,,,,,53.4,,,,,,,9.1,,,,,,,,615,15690 ,6400 ,665,715,627,676,738,726,776,788,707,645,738,757,745,788,768,768,799,818,807,818,849,,,
修練場（水）,狂上級,30,1100 ,18.1,,,23.1,,,,,,,,,,,,12.9,,,,,,,,,,,,,,,,,,,,7.7,,,,,,,,,,,,,,,,,,,,,,,,20.3,,,,,,,136.6,,,,,,,11.5,,,,,,,103.4,,,,,,,40.5,,,,,,,9.6,,,,,,,,415,5690 ,4400 ,465,515,423,456,498,506,556,548,477,435,498,527,535,548,518,518,539,568,577,568,589,,,
修練場（水）,狂中級,20,1200 ,7.0,,,18.3,,,,,,,,,,,,14.6,,,,,,,,,,,,,,,,,,,,2.8,,,,,,,,,,,,,,,,,,,,,,,,128.3,,,,,,,64.3,,,,,,,,,,,,,,80.5,,,,,,,18.8,,,,,,,35.2,,,,,,,,265,1385 ,2900 ,315,365,270,291,318,341,391,368,304,278,318,354,378,368,331,331,344,381,404,381,394,,,
修練場（水）,狂初級,10,1342 ,12.1,,,4.1,,,,,,,,,,,,7.2,,,,,,,,,,,,,,,,,,,,,,,,,,,,,,,,,,,,,,,,,,,,144.7,,,,,,,,,,,,,,,,,,,,,51.4,,,,,,,6.0,,,,,,,48.2,,,,,,,,115,275 ,1400 ,165,215,117,126,138,176,226,188,132,120,138,182,220,188,143,143,149,193,232,193,199,,,
修練場（木）,騎極級,40,5935 ,,,51.8,34.1,,,,,,,,,,,,,,,,,,31.0,,,,,,,,,,,,,,,,9.4,,,,,,,15.3,,,,,,,,,,,,30.6,,,,,,,109.7,,,,,,,54.6,,,,,,,65.4,,,,,,,81.6,,,,,,,11.1,,,,,,,,,,,815,29690 ,8400 ,865,915,831,896,978,946,996,1028,937,855,978,987,955,1028,1018,1018,1059,1068,1037,1068,1109,,,
修練場（木）,騎超級,40,1020 ,,,52.6,16.4,,,,,,,,,,,,,,,,,,18.8,,,,,,,,,,,,,,,,8.2,,,,,,,,,,,,,,,,,,,21.1,,,,,,,95.9,,,,,,,35.8,,,,,,,83.7,,,,,,,60.4,,,,,,,13.6,,,,,,,,,,,615,15690 ,6400 ,665,715,627,676,738,726,776,788,707,645,738,757,745,788,768,768,799,818,807,818,849,,,
修練場（木）,騎上級,30,2559 ,,,51.4,13.6,,,,,,,,,,,,,,,,,,15.6,,,,,,,,,,,,,,,,3.0,,,,,,,,,,,,,,,,,,,25.7,,,,,,,119.9,,,,,,,24.0,,,,,,,103.4,,,,,,,40.5,,,,,,,10.2,,,,,,,,,,,415,5690 ,4400 ,465,515,423,456,498,506,556,548,477,435,498,527,535,548,518,518,539,568,577,568,589,,,
修練場（木）,騎中級,20,1570 ,,,32.9,15.5,,,,,,,,,,,,,,,,,,9.6,,,,,,,,,,,,,,,,,,,,,,,,,,,,,,,,,,,96.9,,,,,,,92.4,,,,,,,,,,,,,,80.4,,,,,,,18.2,,,,,,,37.7,,,,,,,,,,,265,1385 ,2900 ,315,365,270,291,318,341,391,368,304,278,318,354,378,368,331,331,344,381,404,381,394,,,
修練場（木）,騎初級,10,2131 ,,,20.1,5.9,,,,,,,,,,,,,,,,,,5.5,,,,,,,,,,,,,,,,,,,,,,,,,,,,,,,,,,,119.1,,,,,,,,,,,,,,,,,,,,,54.8,,,,,,,5.6,,,,,,,44.3,,,,,,,,,,,115,275 ,1400 ,165,215,117,126,138,176,226,188,132,120,138,182,220,188,143,143,149,193,232,193,199,,,
修練場（金）,術極級,40,23056 ,,,,38.4,,,,,,,,,,,,,31.5,,,32.3,,,,,,,,,,,,,,,,,8.9,,,,,,16.1,9.4,,,,,,,,,,,,,,16.8,,,,,,,103.4,,,,,,,79.8,,,,,,,64.7,,,,,,,82.1,,,,,,,14.8,,,,,,,,,,815,29690 ,8400 ,865,915,831,896,978,946,996,1028,937,855,978,987,955,1028,1018,1018,1059,1068,1037,1068,1109,,,
修練場（金）,術超級,40,1001 ,,,,26.2,,,,,,,,,,,,,27.4,,,21.5,,,,,,,,,,,,,,,,,7.4,,,,,,,,,,,,,,,,,,,,,8.1,,,,,,,89.7,,,,,,,80.8,,,,,,,81.3,,,,,,,60.2,,,,,,,12.3,,,,,,,,,,615,15690 ,6400 ,665,715,627,676,738,726,776,788,707,645,738,757,745,788,768,768,799,818,807,818,849,,,
修練場（金）,術上級,30,2008 ,,,,21.9,,,,,,,,,,,,,24.7,,,15.7,,,,,,,,,,,,,,,,,3.6,,,,,,,,,,,,,,,,,,,,,5.1,,,,,,,170.0,,,,,,,25.0,,,,,,,93.9,,,,,,,34.4,,,,,,,14.4,,,,,,,,,,415,5690 ,4400 ,465,515,423,456,498,506,556,548,477,435,498,527,535,548,518,518,539,568,577,568,589,,,
修練場（金）,術中級,20,1110 ,,,,23.4,,,,,,,,,,,,,15.5,,,12.8,,,,,,,,,,,,,,,,,,,,,,,,,,,,,,,,,,,,,,98.3,,,,,,,78.9,,,,,,,,,,,,,,89.9,,,,,,,18.1,,,,,,,46.9,,,,,,,,,,265,1385 ,2900 ,315,365,270,291,318,341,391,368,304,278,318,354,378,368,331,331,344,381,404,381,394,,,
修練場（金）,術初級,10,2171 ,,,,14.0,,,,,,,,,,,,,8.9,,,6.9,,,,,,,,,,,,,,,,,,,,,,,,,,,,,,,,,,,,,,122.8,,,,,,,11.9,,,,,,,,,,,,,,65.2,,,,,,,5.7,,,,,,,45.9,,,,,,,,,,115,275 ,1400 ,165,215,117,126,138,176,226,188,132,120,138,182,220,188,143,143,149,193,232,193,199,,,
修練場（土）,殺極級,40,5981 ,,,27.6,27.2,36.1,,,,,,,,,35.0,25.4,,,,,,,,,,,,,,,,,,,,,,,,,,,15.3,,,,,,,,,,,,,,,,,24.6,,,,,,,106.6,,,,,,,54.3,,,,,,,65.1,,,,,,,83.0,,,,,,,3.5,,,,,,,,,815,29690 ,8400 ,865,915,831,896,978,946,996,1028,937,855,978,987,955,1028,1018,1018,1059,1068,1037,1068,1109,,,
修練場（土）,殺超級,40,1000 ,,,15.6,20.0,,,,,,,,,,34.0,19.0,,,,1.2,,,,,,,,,,,,,,,,,,,,,,,11.5,,,,,,,,,,,,,,,,,18.6,,,,,,,114.9,,,,,,,25.5,,,,,,,79.8,,,,,,,59.0,,,,,,,9.6,,,,,,,,,615,15690 ,6400 ,665,715,627,676,738,726,776,788,707,645,738,757,745,788,768,768,799,818,807,818,849,,,
修練場（土）,殺上級,30,1570 ,,,12.2,15.7,,,,,,,,,,17.5,17.6,,,,15.2,,,,,,,,,,,,,,,,,,,,,,,5.4,,,,,,,,,,,,,,,,,18.5,,,,,,,145.0,,,,,,,14.2,,,,,,,103.8,,,,,,,37.6,,,,,,,11.1,,,,,,,,,415,5690 ,4400 ,465,515,423,456,498,506,556,548,477,435,498,527,535,548,518,518,539,568,577,568,589,,,
修練場（土）,殺中級,20,1418 ,,,20.9,16.0,,,,,,,,,,9.1,3.4,,,,9.1,,,,,,,,,,,,,,,,,,,,,,,,,,,,,,,,,,,,,,,,84.6,,,,,,,105.1,,,,,,,,,,,,,,80.9,,,,,,,20.3,,,,,,,36.1,,,,,,,,,265,1385 ,2900 ,315,365,270,291,318,341,391,368,304,278,318,354,378,368,331,331,344,381,404,381,394,,,
修練場（土）,殺初級,10,1207 ,,,14.8,11.0,,,,,,,,,,,3.9,,,,6.3,,,,,,,,,,,,,,,,,,,,,,,,,,,,,,,,,,,,,,,,136.8,,,,,,,,,,,,,,,,,,,,,63.0,,,,,,,5.1,,,,,,,45.9,,,,,,,,,115,275 ,1400 ,165,215,117,126,138,176,226,188,132,120,138,182,220,188,143,143,149,193,232,193,199,,,
修練場（日）,剣極級,40,4980 ,31.3,,,25.9,,,,,,,,,,,,,,22.3,24.3,,,,,23.6,26.5,,,,,,,,,,,,,,9.3,,,,,,,,,,,,,,,24.5,,,,,,,109.9,,,,,,,57.7,,,,,,,65.3,,,,,,,80.8,,,,,,,10.4,,,,,,,,,,,,,,815,29690 ,8400 ,865,915,831,896,978,946,996,1028,937,855,978,987,955,1028,1018,1018,1059,1068,1037,1068,1109,,,
修練場（日）,剣超級,40,1000 ,20.0,,,27.0,,,,,,,,,,28.3,,,,12.2,18.2,,,,,21.6,,,,,,,,,,,,,,,10.4,,,,,,,,,,,,,,,24.0,,,,,,,115.2,,,,,,,24.6,,,,,,,74.3,,,,,,,56.0,,,,,,,7.1,,,,,,,,,,,,,,615,15690 ,6400 ,665,715,627,676,738,726,776,788,707,645,738,757,745,788,768,768,799,818,807,818,849,,,
修練場（日）,剣上級,30,1551 ,13.9,,,19.9,,,,,,,,,,26.5,,,,18.1,15.9,,,,,17.6,,,,,,,,,,,,,,,3.5,,,,,,,,,,,,,,,25.3,,,,,,,135.8,,,,,,,4.3,,,,,,,101.7,,,,,,,35.3,,,,,,,8.7,,,,,,,,,,,,,,415,5690 ,4400 ,465,515,423,456,498,506,556,548,477,435,498,527,535,548,518,518,539,568,577,568,589,,,
修練場（日）,剣中級,20,1000 ,12.9,,,16.4,,,,,,,,,,13.9,,,,,11.0,,,,,11.6,,,,,,,,,,,,,,,,,,,,,,,,,,,,,,114.9,,,,,,,75.6,,,,,,,,,,,,,,78.5,,,,,,,20.2,,,,,,,35.8,,,,,,,,,,,,,,265,1385 ,2900 ,315,365,270,291,318,341,391,368,304,278,318,354,378,368,331,331,344,381,404,381,394,,,
修練場（日）,剣初級,10,3616 ,10.5,24.6,4.5,6.2,,,,,,,,,,,,,,,6.1,,,,,5.4,,,,,,,,,,,,,,,,,,,,,,,,,,,,,,133.5,,,,,,,,,,,,,,,,,,,,,53.1,,,,,,,6.0,,,,,,,47.7,,,,,,,,,,,,,,115,275 ,1400 ,165,215,117,126,138,176,226,188,132,120,138,182,220,188,143,143,149,193,232,193,199,,,
冬木,X-A（屋敷跡）,3,764369 ,,8.9,,,,,,,,,,,,,,,,,,,,,,,,,,,,,,,,,,,,,,,,,,,,,,,,,,,,17.1,,,,,,,,,,,,,,,,,,,,,,,,,,,,,,,,,,,,,,,,,,,,,,,,,25,4 ,650 ,75,125,25,27,30,77,127,80,28,26,30,78,126,80,31,31,32,81,128,81,82,,,
冬木,X-B（爆心地）,4,1258 ,,16.6,,,,,,,,,,,,,,,,,,,,,,,,,,,,,,,,,,,,,,,,,,,,,,,,,,,,17.6,,14.1,,,,,,,,,,,,,,,,,,,,,,,,,,,,,,,,,,,,,,,,,,,,,,,35,14 ,780 ,85,135,35,38,42,88,138,92,40,36,42,90,136,92,43,43,45,93,140,93,95,,,
冬木,X-C（大橋）,4,29813 ,,21.5,,,,,,,,,,,,,,,,,,,,,,,,,,,,,,,,,,,,,,,,,,,,,,,,,,,,22.8,,17.6,,,,,,,,,,,,,,,,,,,,,,,,,,,,,,,,,,,,,,,,,,,,,,,35,14 ,780 ,85,135,35,38,42,88,138,92,40,36,42,90,136,92,43,43,45,93,140,93,95,,,
冬木,X-D（港）,5,1221 ,,24.9,,,,,,,,,,,,,,,,,,,,,,,,,,,,,,,,,,,,,,,,,,,,,,,,,,,,22.4,21.7,,,,,,,,,,,,,,,,,,,,,,,,,,,,,,,,,,,,,,,,,,,,,,,,55,24 ,1040 ,105,155,56,60,66,110,160,116,63,57,66,113,157,116,68,68,71,118,163,118,121,,,
冬木,X-E（教会）,5,1670 ,,19.7,,4.7,,,,,,,,,,,,,,,,,,,,,,,,,,,,,,,,,,,,,,,,,,,,,,,,,,22.8,12.8,,,,,,,,,,,,,,,,,,,,,,,5.9,,,,,,,,,,,,,,,,,,,,,,,,,75,64 ,1300 ,125,175,76,82,90,132,182,140,86,78,90,136,178,140,93,93,97,143,186,143,147,,,
冬木,X-F（校舎）,6,1381 ,,19.4,,9.2,,,,,,,,,,,,,,,,,,,,,,,,,,,,,,,,,,,,,,,,,,,,,,,,,,15.4,16.6,,,,,,,,,,,,,,,,,,,,,,5.0,,,5.3,,,,,,,,,,,,,,,,,,,,,,,95,124 ,1560 ,145,195,96,104,114,154,204,164,109,99,114,159,199,164,118,118,123,168,209,168,173,,,
冬木,X-G（燃え盛る森）,15,21028 ,,70.4,,,,,,,,,,,,,,,,,,,,,,,,,,,,,,,,,,,,,,,,,,,,,,,,,,,,11.3,5.7,22.8,,,,,,,,,,,,,,,,,,,,,,,,,,,,,,,,,,,,,,,,,,,,,,,415,4552 ,5720 ,465,515,423,456,498,506,556,548,477,435,498,527,535,548,518,518,539,568,577,568,589,,,
冬木,変動座標点0号（大空洞）,7,1007 ,,,14.6,8.9,,,,,,,,,,,,,,,,,,,,,,,,,,,,,,,,,,,,,,,,,,,,,,,,,,5.8,6.0,,,,22.0,,,,,,,,,,,,,,,,10.3,,,,,,,,,,,,,,,,,,,,,,,,,,,,115,220 ,1820 ,165,215,117,126,138,176,226,188,132,120,138,182,220,188,143,143,149,193,232,193,199,,,
オルレアン,ドンレミ,7,1050 ,25.8,,,,,,,,,,,,,,,,,,,,,,,,,,,,,,,,,,,,,,,,,,,,,,,,,,,,,30.0,,10.7,,,,,,,,,,,,,,,,,,,,,,,,,,,,,,,,,,,,,,,,,,,,,,,115,220 ,1820 ,165,215,117,126,138,176,226,188,132,120,138,182,220,188,143,143,149,193,232,193,199,,,
オルレアン,ヴォークルール,7,1003 ,,7.6,8.9,,,,,,,,,,,,,,,,,,,,,,,,,,,,,,,,,,,,,,,,,,,,,,,,,,,10.3,,,21.4,,,,,,,,,,,,,,,,,,,,,,,,,,,,,,,,,,,,,,,,,,,,,,115,220 ,1820 ,165,215,117,126,138,176,226,188,132,120,138,182,220,188,143,143,149,193,232,193,199,,,
オルレアン,ラ・シャリテ,7,1006 ,6.8,,14.5,,,,,,,,,,,,,,,,,,,,,,,,,,,,,,,,,,,,,,,,,,,,,,,,,,,,,11.1,36.1,,,,,,,,,,,,,,,,,,,,,,,,,,,,,,,,,,,,,,,,,,,,,,115,220 ,1820 ,165,215,117,126,138,176,226,188,132,120,138,182,220,188,143,143,149,193,232,193,199,,,
オルレアン,ジュラ,7,1903 ,,,7.7,8.0,,,,,,,,,,5.3,,,,,,,,,,,,,,,,,,,,,,,,,,,,,,,,,,,,,,,,17.7,,18.5,16.2,,9.1,,,,,,,,,,,,,,,,,,,11.3,,,,,,,,,,,,,,,,,,,,,,,,,135,300 ,2080 ,185,235,137,148,162,198,248,212,155,141,162,205,241,212,168,168,175,218,255,218,225,,,
オルレアン,リヨン,7,1005 ,23.5,,,9.2,,,,,,,,,,,,,,,,,,,,,,,,,,,,,,,,,,,,,,,,,,,,,,,,,,29.8,,12.1,,,,,,,,,,,,,,,,,,,,,,,,12.5,,,,,,,,,,,,,,,,,,,,,,,135,300 ,2080 ,185,235,137,148,162,198,248,212,155,141,162,205,241,212,168,168,175,218,255,218,225,,,
オルレアン,マルセイユ,7,1084 ,33.1,,,,,,,,,,,,,,,,,,,,,,,,,,,,,,,,,,,,,,,,,,,,,,,,,,,,,24.2,,32.8,,,,,,,,,,,,,,,,,,,,,,,,,,,,,,,,,,,,,,,,,,,,,,,135,300 ,2080 ,185,235,137,148,162,198,248,212,155,141,162,205,241,212,168,168,175,218,255,218,225,,,
オルレアン,ティエール,7,1010 ,,,16.0,9.3,,,,,,,,,,,,,,,,,,,,,,,,,,,,,,,,,,,,,,,,,,,,,,,,,,,,,36.8,,,,,,,,,,,,,,,,,,,,,,,,11.0,,,,,,,,,,,,,,,,,,,,,,135,300 ,2080 ,185,235,137,148,162,198,248,212,155,141,162,205,241,212,168,168,175,218,255,218,225,,,
オルレアン,ボルドー,7,1025 ,,,,,,,,,,,,,,10.2,,,,,,,,,,,,,,,,,,,,,,,,,,,,,,,,,,,,,,,,8.5,,34.4,,,30.0,,,,,,,,,,,,,,,,,,,,,,,,,,,,,,,,,,,,,,,,,,,,135,300 ,2080 ,185,235,137,148,162,198,248,212,155,141,162,205,241,212,168,168,175,218,255,218,225,,,
オルレアン,オルレアン,8,1099 ,,12.4,12.6,8.5,,,,,,,,,,,,,,,,,,,,,,,,,,,,,,,,,,,,,,,,,,,,,,,,,,,,11.1,17.7,,,,,,,5.0,,,,,,,,,,,,,,,10.7,,,,,,,,,,,,,5.5,,,,,,,,,,,155,392 ,2340 ,205,255,158,170,186,220,270,236,178,162,186,228,262,236,193,193,201,243,278,243,251,,,
オルレアン,パリ,13,1130 ,,20.4,11.5,8.7,,,,,,,,,,,,,,,,,,,,,,,,,,,,,,,,,,,,,,,,,,,,,,,,,,,16.1,,10.4,,,,,,,5.4,,,,,,,,,,,2.7,1.9,2.3,,,,,,,,,,,,,,,5.8,,,,,,,,,,,315,1752 ,4420 ,365,415,321,346,378,396,446,428,362,330,378,412,430,428,393,393,409,443,462,443,459,,,
セプテム,アッピア街道,9,1129 ,38.1,,,9.2,,,,,,,,,,,,,,,,,,,,,,,,,,,,,,,,,,,,,,,,,,,,,,,,,,17.4,17.1,11.1,,,,,,,,,,,,,,,,,,,,,,,,,12.4,,,,,,,,,,,,,,,,,,,,,,175,504 ,2600 ,225,275,178,192,210,242,292,260,201,183,210,251,283,260,218,218,227,268,301,268,277,,,
セプテム,ローマ,9,1245 ,26.6,,,,,,,,,,,,,,,,,,,,,,,,,,,,,,,,,,,,,,,,,,,,,,,,,,,,,29.6,,11.1,,,,,,,,,,,,,,,,,,,,,,,,,,,,,,,,,,,,,,,,,,,,,,,175,504 ,2600 ,225,275,178,192,210,242,292,260,201,183,210,251,283,260,218,218,227,268,301,268,277,,,
セプテム,エトナ火山,9,1130 ,,,,,,,,,,,,,,,9.0,,,,,,,,,,,,,,,,,,,,,,,,,,,,,,,,,,,,,,,,,,,,40.8,,,,,,,,,,,,,,,,,,,,,,,,,,,,,,,,,,,,,,,,,,,,175,504 ,2600 ,225,275,178,192,210,242,292,260,201,183,210,251,283,260,218,218,227,268,301,268,277,,,
セプテム,フロレンティア,9,1128 ,37.5,,,,,,,,,,,,,,,,,,,,,,,,,,,,,,,,,,,,,,,,,,,,,,,,,,,,,5.9,33.3,11.9,,,,,,,,,,,,,,,,,,,,,,,,,,,,,,,,,,,,,,,,,,,,,,,175,504 ,2600 ,225,275,178,192,210,242,292,260,201,183,210,251,283,260,218,218,227,268,301,268,277,,,
セプテム,メディオラヌム,9,1017 ,40.0,,,,,,,,,,,,,,,,,,,,,,,,,,,,,,,,,,,,,,,,,,,,,,,,,,,,,16.2,,24.8,,,,,,,,,,,,,,,,,,,,,,,,,,,,,,,,,,,,,,,,,,,,,,,175,504 ,2600 ,225,275,178,192,210,242,292,260,201,183,210,251,283,260,218,218,227,268,301,268,277,,,
セプテム,ゲルマニア,15,1321 ,,49.1,,,,,,,,,,,,,,,,,,,,,,,,,,,,,,,,,,3.0,,,,,,,,,,,,,,,,,,16.5,5.5,12.2,,,,,,,,,,,8.9,,,,,,,,,,,,,,,,,,,,,,,,,,,,4.9,,,,,,,,415,4552 ,5720 ,465,515,423,456,498,506,556,548,477,435,498,527,535,548,518,518,539,568,577,568,589,,,
セプテム,マッシリア,9,1371 ,13.3,,,19.5,,,,,,,,,,,,,,,,,,,,,,,,,,,,,,,,,,,,,,,,,,,,,,,,,,11.1,,10.4,,,,,,,,,,,,,,,,,,,,,,11.2,,,10.6,,,,,,,,,,,,,,,,,,,,,,175,504 ,2600 ,225,275,178,192,210,242,292,260,201,183,210,251,283,260,218,218,227,268,301,268,277,,,
セプテム,ガリア,9,1034 ,16.9,,,7.8,,,,,,,,,,,,5.6,,,,,,,,,,,,,,,,,,,,,,,,,,,,,,,,,,,,,,,11.8,15.7,,,,16.4,,,,,,,,,,,,,,,10.4,,,,,,,,,,,,,,,,,,,,,,,,,,,,195,632 ,2860 ,245,295,198,214,234,264,314,284,224,204,234,274,304,284,243,243,253,293,324,293,303,,,
セプテム,ブリタニア,10,1154 ,,,,,,,,,,,,,,13.2,,,,,,,,,,,,,,,,,,,,,,,,,,,,,,,,,,,,,,,,27.5,,27.5,,,19.0,,,,,,,,,,,,,,,,,,,,,,,,,,,,,,,,,,,,,,,,,,,,215,764 ,3120 ,265,315,219,236,258,286,336,308,247,225,258,297,325,308,268,268,279,318,347,318,329,,,
セプテム,形ある島,9,1127 ,,25.9,,9.4,,,,,,,,,,,,,,,,,,,,,,,,,,,,,,,,,,,,,,,,,,,,,,,,,,,29.9,5.4,,,,,,,,,,,,,,,,,,,,,,,,,10.9,,,,,,,,,,,,,,,,,,,,,,195,632 ,2860 ,245,295,198,214,234,264,314,284,224,204,234,274,304,284,243,243,253,293,324,293,303,,,
セプテム,連合首都,10,1097 ,21.1,,,8.0,,,,,,,,,,,,2.8,,,,,,,,,,,,,,,,,,,,,,,,,,,,,,,,,,,,,,5.7,10.8,,,,,13.4,,,,,,,,,,,,,,,,,,,,,11.1,,,,,,,,,,,,,,,,,,,,,,215,764 ,3120 ,265,315,219,236,258,286,336,308,247,225,258,297,325,308,268,268,279,318,347,318,329,,,
オケアノス,海賊船,12,2172 ,64.1,,,,,,,,,,,,,,,,,,,,,,,,,,,,,,,,,,,,,,,,,,,,,,,,,,,,,23.3,27.8,,,,,,,,,,,,,,,,,,,,,,,,,,,,,,,,,,,,,,,,,,,,,,,,295,1288 ,4160 ,345,395,300,324,354,374,424,404,339,309,354,389,409,404,368,368,383,418,439,418,433,,,
オケアノス,海賊島,13,1059 ,59.6,,,12.7,,,,,,,,,,,,,,,,,,,,,,,,,,,,,,,,,,,,,,,,,,,,,,,,,,,30.3,,,,,16.4,,,,,,,,,,,,,,,,,,11.8,,,,,,,2.7,,,,,,,,,,,,,,,,,,315,1752 ,4420 ,365,415,321,346,378,396,446,428,362,330,378,412,430,428,393,393,409,443,462,443,459,,,
オケアノス,王の住まう島,13,1155 ,31.3,,,12.4,,,,,,,,,,,,,,,,,,,,,,,,,,,,,,,,,,,,,,,,,,,,,,,,,,,16.5,,,,,9.8,,,,,,,,,,,,,,,,,,,,,10.3,,,,,,,2.3,,,,,,,,,,,,,,,335,2248 ,4680 ,385,435,341,368,402,418,468,452,385,351,402,435,451,452,418,418,435,468,485,468,485,,,
オケアノス,地図に記された島,13,1822 ,,,41.8,14.9,,,,,,,,,,,,,,,,,,,,,,,,,,,,,,,,,,,,,,,,,,,,,,,,,,28.2,15.9,,,,,,,,,,,,,,,,,,,,,,,,,,10.9,,,,,,,3.0,,,,,,,,,,,,,,,335,2248 ,4680 ,385,435,341,368,402,418,468,452,385,351,402,435,451,452,418,418,435,468,485,468,485,,,
オケアノス,暗礁海域,17,1200 ,,40.1,,,,,,,,,,,,,,,15.4,,,,,,,,,,,,,,,,,,,,,,,,,,,,,,,,,,,,,,27.6,,,17.0,,,,,,,28.3,,,,,,,,,,,,,,,,,,,,,,,,,,,,5.4,,,,,,,,,,515,8152 ,7020 ,565,615,525,566,618,616,666,668,592,540,618,642,640,668,643,643,669,693,692,693,719,,,
オケアノス,潮目の海,14,1159 ,29.2,,,,,,,,,,,,,,,12.9,,,,,,,,,,,,,,,,,,,,,,,,,,,,,,,,,,,,,,,22.8,,,,,20.6,,,,,,,6.7,,,,,,,,,,,,,,,,,,,,,,,,,,,,,,,,,,,,375,3336 ,5200 ,425,475,382,412,450,462,512,500,431,393,450,481,493,500,468,468,487,518,531,518,537,,,
オケアノス,翼竜の島,14,2116 ,,,55.7,,,,,,,,,,,,,,,,,,,,,,,,,,,,,,,,,,,,,,,,,,,,,,,,,,,,,,49.0,,,,,,,5.5,,,,,,,,,,,,,,,,,,,,,,,,,,,,5.1,,,,,,,,,,,395,3928 ,5460 ,445,495,402,434,474,484,534,524,454,414,474,504,514,524,493,493,513,543,554,543,563,,,
オケアノス,カルデラの島,17,1670 ,,,,,,,,,,,,,,17.9,,,,,,,,14.1,,,,,,,,,,,,,,,,,,,,,,,,,,,,,,,,45.8,,,35.4,,,,,,,,,,,,,,,,,,,,,,,,,,,,,,,,,,,,,,,,,,,,,,555,9816 ,7540 ,605,655,566,610,666,660,710,716,638,582,666,688,682,716,693,693,721,743,738,743,771,,,
オケアノス,嵐の海域,15,1240 ,,,,,,,,,,,,,,,25.2,,,,,,,,,,,,,,,,,,,,,,,,,,,,,,,,,,,,,,,,,,,,57.1,,,,,,,,,,,,,,,,,,,,,,,,,,,,,,,,,,,,,,,,,,,,415,4552 ,5720 ,465,515,423,456,498,506,556,548,477,435,498,527,535,548,518,518,539,568,577,568,589,,,
オケアノス,群島（静かな入り江）,15,1215 ,19.8,,14.2,26.2,,,,,,,,,,,,,,,,,,,,,,,,,,,,,,,,,,,,,,,,,,,,,,,,,,33.2,,,,,,,,,,,,,,,,,,,,,,,,,11.3,,11.4,,,,,2.3,,2.6,,,,,,,,,,,,,,,435,5208 ,5980 ,485,535,443,478,522,528,578,572,500,456,522,550,556,572,543,543,565,593,600,593,615,,,
オケアノス,群島（隠された島）,16,1140 ,,,,,,,,,,,,,,,,,,,,,,,,28.1,,,,,,,,,,,,,,,,,,,,,,,,,,,,,,51.1,,,,,,,5.4,,,,,,,,,,,,,,,,,,,,,,,,,,,,5.0,,,,,,,,,,,,,,475,6616 ,6500 ,525,575,484,522,570,572,622,620,546,498,570,596,598,620,593,593,617,643,646,643,667,,,
オケアノス,豊かな海,18,2430 ,,,,,,,,,,,,,,35.2,,,,10.5,,,,,,,,,,,,,,,,,,,,,,,,,,,,,,,,,,,,18.4,,25.4,,,,,,11.1,5.9,,,,,,,,,,,,,,,,,,,,,,,,,,,,,,,,,,,,,,,,615,12552 ,8320 ,665,715,627,676,738,726,776,788,707,645,738,757,745,788,768,768,799,818,807,818,849,,,
ロンドン,オールドストリート,15,1173 ,,,,,,,,,,,,,,,,,,,14.7,,,,,,,,,,,,,,,,,,,,,,,,,,,,,,,,,,,,,,,,64.9,,,,,,,,,,,,,,,,,,,,,,,,,,,,,,,,,,,,,,,,,,,,435,5208 ,5980 ,485,535,443,478,522,528,578,572,500,456,522,550,556,572,543,543,565,593,600,593,615,,,
ロンドン,ホワイトチャペル,15,1655 ,,,,13.2,,,,,,,,,,,,,,,15.0,,,,,,,,,,,,,,,,,,,,,,,,,,,,,,,,,,,,,,,,45.0,,,,,,,6.2,,,,,,,,,,,,,,10.6,,,,,,,2.1,,,,,,,,,,,,,,,,435,5208 ,5980 ,485,535,443,478,522,528,578,572,500,456,522,550,556,572,543,543,565,593,600,593,615,,,
ロンドン,シティ・オブ・ロンドン,15,1221 ,,,,,,,,,,,,,,,,,,,,,14.5,,,,,,,,,,,,,,,,,,,,,,,,,,,,,,,,,,,61.0,,,,,,,,,,,,,,,,,,,,,,,,,,,,,,,,,,,,,,,,,,,,,,,435,5208 ,5980 ,485,535,443,478,522,528,578,572,500,456,522,550,556,572,543,543,565,593,600,593,615,,,
ロンドン,ソーホー,16,1046 ,,,,17.9,,,,,,,,,,,,,,,6.7,,9.9,,,,,,,,,,,,,,,,,,,,,,,,,,,,,,,,,,,9.3,,,7.5,,,,5.3,,,5.8,,,,,,,,,,,,,9.8,,,,,,,4.5,,,,,5.0,,,,,,,,,,,,455,5896 ,6240 ,505,555,464,500,546,550,600,596,523,477,546,573,577,596,568,568,591,618,623,618,641,,,
ロンドン,ウェストミンスター,16,1118 ,,,,16.4,,,,,,,,,,,,,,,,,15.0,,,,,,,,,,,,,,,,,,,,,,,,,,,,,,,,,,,24.8,,,,,,,5.5,,,,,,,,,,,,,,,,12.5,,,,,,,4.0,,,,,5.4,,,,,,,,,,,,455,5896 ,6240 ,505,555,464,500,546,550,600,596,523,477,546,573,577,596,568,568,591,618,623,618,641,,,
ロンドン,リージェントパーク,16,1047 ,,,,,,,,,,,,,,,,,,,10.4,6.0,,,,,,,,,,,,,,,,,,,,,,,,,,,,,,,,,,25.8,,,,27.6,,,5.6,,,,,,,,,,,,,,,,,,,,,,,,,,,,,,,,,,,,,,,,,,455,5896 ,6240 ,505,555,464,500,546,550,600,596,523,477,546,573,577,596,568,568,591,618,623,618,641,,,
ロンドン,クラーケンウェル,18,1162 ,,40.8,,,,,,,,,,,,,,,,,29.5,,,,,,,,,,,,,,,,,,,,,,,,,,,,,,,,,,,22.1,,,,,7.7,,,,,,,18.2,,,,,,,3.5,,,,,,,,,,,,,,,,,,,,,4.8,,,,,,,,,615,12552 ,8320 ,665,715,627,676,738,726,776,788,707,645,738,757,745,788,768,768,799,818,807,818,849,,,
ロンドン,サザーク,19,5859 ,,30.0,,,,,,,,,,,,,,,,,,,34.4,,,,,,,,,,,,,,,,,,,,,,,,,,,,,,,,,,17.6,35.6,,,,,,,11.2,,,,,,,,,,,,,,,,,,,,,,,,,,,,9.0,,,,,,,,,,,,655,14536 ,8840 ,705,755,668,720,786,770,820,836,753,687,786,803,787,836,818,818,851,868,853,868,901,,,
ロンドン,ハイドパーク,20,1412 ,,38.8,,,,,,,,,,,,,,,,,,28.8,,,,,,,,,,,,,,,,,,,,,,,,,,,,,,,,,,,,22.1,,9.4,,,,,,,16.9,,,,,,,2.5,,,,,,,,,,,,,,,,,,,,,5.7,,,,,,,,,,695,16648 ,9360 ,745,795,708,764,834,814,864,884,799,729,834,849,829,884,868,868,903,918,899,918,953,,,
北米,ブラックヒルズ,17,1616 ,,,,,,,,,,,,,,,,,,,18.4,,,,,,,,,,,,,,,,,,,,,,,,,,,,,,,,,,,,42.3,,,,,,,,,,,,,,,,,,,,,,,,,,,,,,,,,,,,,,,,,,,,,,,,535,8968 ,7280 ,585,635,545,588,642,638,688,692,615,561,642,665,661,692,668,668,695,718,715,718,745,,,
北米,リバートン,17,1134 ,49.8,,,34.3,,,,,,,,,,,,,,,,,,,,,,,,,,,,,,,,,,,,,,,,,,,,,,,,,,18.5,5.6,6.6,,,,,,,,,,,,,,,,,,,,,21.3,,,,,,,9.9,,,,,,,,,,,,,,,,,,,535,8968 ,7280 ,585,635,545,588,642,638,688,692,615,561,642,665,661,692,668,668,695,718,715,718,745,,,
北米,デンバー,17,1716 ,,,,12.1,,,,,,,,,,,,,,,18.6,,,,,,,,,,,,,,,,,,,,,,,,,,,,,,,,,,,,27.9,,,,,,,13.0,,,,,,,,,,,,,,,11.2,,,,,,,2.0,,,,,,,,,,,,,,,,,,,535,8968 ,7280 ,585,635,545,588,642,638,688,692,615,561,642,665,661,692,668,668,695,718,715,718,745,,,
北米,デミング,17,1667 ,,,66.6,,,,,,,,,,,,,,,,,,,,,,,,,,,,,,,,,,,,,,,,,,,,,,,,,,,,,,43.9,,,,,,,6.7,,,,,,,,,,,,,,,,,,,,,,,,,,,,5.5,,,,,,,,,,,555,9816 ,7540 ,605,655,566,610,666,660,710,716,638,582,666,688,682,716,693,693,721,743,738,743,771,,,
北米,ダラス,17,1775 ,80.3,,,,,,,,,,,,,,,,,,,,,,,,,,,,,,,,,,,,,,,,,,,,,,,,,,,,,,11.6,29.0,,,,,,,,,,,,,,,,,,,,,,,,,,,,,,,,,,,,,,,,,,,,,,,555,9816 ,7540 ,605,655,566,610,666,660,710,716,638,582,666,688,682,716,693,693,721,743,738,743,771,,,
北米,アルカトラズ,18,1118 ,56.7,,,12.2,,,,,,,,,,,,,,,,,,,,,,,,,,,,,,,,,,,,,,,,,,,,,,,,,,5.3,,28.5,,,,,,,,,,,,,,,,,,,,,,,,,10.8,,,,,,,2.7,,,,,,,,,,,,,,,575,10696 ,7800 ,625,675,586,632,690,682,732,740,661,603,690,711,703,740,718,718,747,768,761,768,797,,,
北米,デモイン,18,2638 ,,,,18.3,,,,,,,,,,10.8,,,,,,,,,,,,,,,,,,,,,,19.5,,,,,,,,,,,,,,,,,,,,,,,,,,,,,,10.2,9.4,,,,,,,,,,9.9,,,,,,,5.0,,,,,,,,,,,71.3,,,,,,,,575,10696 ,7800 ,625,675,586,632,690,682,732,740,661,603,690,711,703,740,718,718,747,768,761,768,797,,,
北米,モントゴメリー,18,1064 ,67.2,,,17.9,,,,,,,,,,,,,,,,,,,,,,,,,,,,,,,,,,,,,,,,,,,,,,,,,,,35.2,,,,,,,,,,,,,,,,,,,,,12.1,,,,,,,5.4,,,,,,,,,,,,,,,,,,,,595,11608 ,8060 ,645,695,606,654,714,704,754,764,684,624,714,734,724,764,743,743,773,793,784,793,823,,,
北米,ラボック,18,1806 ,60.5,,,,,,,,,,,,,,,,,,,,,,,,,,,,,,,,,,,,,,,,,13.5,,,,,,,,,,,,22.8,10.5,,,,,,,,,,,8.3,,,,,,,,,,,,,,,,,,,,,,,,,,,,77.4,,,,,,,,,615,12552 ,8320 ,665,715,627,676,738,726,776,788,707,645,738,757,745,788,768,768,799,818,807,818,849,,,
北米,アレクサンドリア,18,2084 ,59.8,,,,,,,,,,,,,,,,,,,,,,,,,,,,,,,,,,,,,,,,13.2,,,,,,,,,,,,,15.5,5.0,8.9,,,,,,8.8,,,,,,,,,,,,,,,,,,,,,,,,,,,,76.5,,,,,,,,,,,,,615,12552 ,8320 ,665,715,627,676,738,726,776,788,707,645,738,757,745,788,768,768,799,818,807,818,849,,,
北米,カーニー,18,1571 ,60.9,,,,,,,,,,,,,,,,,,,,,,,,,,,,,,,,,,,,,,,11.6,,,,,,,,,,,,,,18.2,,18.3,,,,,,,10.0,,,,,,,,,,,,,,,,,,,,,,,,,,,,78.4,,,,,,,,,,,,615,12552 ,8320 ,665,715,627,676,738,726,776,788,707,645,738,757,745,788,768,768,799,818,807,818,849,,,
北米,シャーロット,20,56078 ,53.4,,,69.2,,,,,,,,,,,,,,,,,,,,,,,,,,,,,,,,,,,,,,,,,,,,,,,,,,,11.4,11.6,,5.6,,,,,,,,,,,,,,,,,,,10.9,,,,33.1,,,4.6,,,,13.8,,,,,,,,,,,,,,,715,17752 ,9620 ,765,815,729,786,858,836,886,908,822,750,858,872,850,908,893,893,929,943,922,943,979,,,
北米,ワシントン,20,1387 ,56.0,,,,,,,,,,,,,,,,,,,,,,,,,,,,,,,,,,,,,,8.1,,,,,,,,,,,,,,,16.2,5.8,5.3,,5.6,,,,,,,,,,3.6,,,,,,,,,,,,,,,,,,,,,,,,,,,,88.4,,,,,,,745,19468 ,10010 ,795,845,759,819,894,869,919,944,856,782,894,906,882,944,931,931,968,981,956,981,1018,,,
北米,シカゴ,21,1006 ,,,,,,,,,,,,,,,,,,,46.0,,,,,,,,,,,,,,,,,,,,,,,,,,,,,,,,,,,,26.7,,,,,,,16.3,,,,,,,3.3,,,,,,,,,,,,,,,,,,,,,5.1,,,,,,,,,,,,,775,21256 ,10400 ,825,875,790,852,930,902,952,980,891,813,930,941,913,980,968,968,1007,1018,991,1018,1057,,,
キャメロット,砂嵐の砂漠,19,6996 ,,69.0,,,,,,,,,,,,,,,,,,,,,,,,,,,,,,,,,,,,,,,,,,9.0,,,,,,,,,,12.1,11.1,11.7,,,,,,,,,,,,,,,,3.5,,,,,,,,,,,,,,,,,,,,,,,,,,,,87.3,,,635,13528 ,8580 ,685,735,647,698,762,748,798,812,730,666,762,780,766,812,793,793,825,843,830,843,875,,,
キャメロット,明けの砂丘,19,1106 ,,,,,,,,,,,,,,,,,17.9,,,,,,,,,,,,,,,,,,,,,,,,,,13.0,,,,,,,,,,,,,,,17.8,,,,,,,51.1,,,,,,,,,,,,,,,,,,,,,,,,,,,,92.6,,,,,,,,,,635,13528 ,8580 ,685,735,647,698,762,748,798,812,730,666,762,780,766,812,793,793,825,843,830,843,875,,,
キャメロット,死の荒野,19,4125 ,,,,,73.0,,,,,,,,,,,,,,,,,,,,,,,,,,,,,,,,,,,,,,,,,,,,,,,,,,,,,,23.6,17.1,,,,,,,,,,,,,,,,,,,,,,,,,,,,,,,,,,,,,,,,,,,655,14536 ,8840 ,705,755,668,720,786,770,820,836,753,687,786,803,787,836,818,818,851,868,853,868,901,,,
キャメロット,東の村,19,1578 ,,,45.0,,,,,,,,,,,,,,,,,,,,,,,,,,,,,,,,,,,,,16.9,,,,,,,,,,,,,,,,,45.1,,,,,,9.0,,,,,,,,,,,,,,,,,,,,,,,,,,,,76.0,,,,,,,,,,,,655,14536 ,8840 ,705,755,668,720,786,770,820,836,753,687,786,803,787,836,818,818,851,868,853,868,901,,,
キャメロット,円卓の砦,19,1543 ,49.8,,,,,,,,,,,,,,,,,,,,,,20.4,,,,,,,,,,,,,,,,,,,,,,,,,,,,,,,11.7,,15.9,,,,,12.6,,11.4,,,,,,,,,,,,,,,,,,,,,,,,,,10.3,,9.9,,,,,,,,,,,,675,15576 ,9100 ,725,775,688,742,810,792,842,860,776,708,810,826,808,860,843,843,877,893,876,893,927,,,
キャメロット,晩鐘廟,19,1108 ,,,,,,,,,,,,,,,34.8,,,,,,,,,,,,,,,,,,,,,,,,,,,,,,,,,,,,,,,,,,,,53.0,,,,,,,2.8,,,,,,,,,,,,,,,,,,,,,,,,,,,,5.0,,,,,,,,,675,15576 ,9100 ,725,775,688,742,810,792,842,860,776,708,810,826,808,860,843,843,877,893,876,893,927,,,
キャメロット,西の村跡,20,1549 ,,,,50.5,,,,,,,,,,,,,,,,,,,,,,,,,,,,,,,,,,,,,,,,,,,,,,,,,,,,,,,52.2,,,,,,,,,,,,,,,,,,,,,10.5,,,,,,,4.3,,,,,,,35.2,,,,,,,,,675,15576 ,9100 ,725,775,688,742,810,792,842,860,776,708,810,826,808,860,843,843,877,893,876,893,927,,,
キャメロット,アトラス院,20,1142 ,,,,,,,,,,,,,,,,,,,23.9,10.1,,,,,,,,,,,,,,,,,,,,,,,,,,,,,,,,,,,19.3,,,,,,,15.8,,,16.4,,,,,,,,,,,,,,,,,,,,,,,,,15.2,,,,,,,,,,,,,695,16648 ,9360 ,745,795,708,764,834,814,864,884,799,729,834,849,829,884,868,868,903,918,899,918,953,,,
キャメロット,聖都正門,20,1328 ,,,,,,,,,,,,,,,,,,,,,,,33.1,,,,,,,,,,,,,,,,,,,,,,,,,,,,,,,,,,,,,,11.7,5.5,12.0,,,,,,,,,,,,,,,,,,,,,,,,,,11.6,7.9,6.9,,,,,,,,,,,,715,17752 ,9620 ,765,815,729,786,858,836,886,908,822,750,858,872,850,908,893,893,929,943,922,943,979,,,
キャメロット,聖都市街,20,20741 ,39.0,,,,,,,,,,,,,,,29.7,,,,,,,,,,,,,,,,,,,,,,,12.9,,,,,,,,,,,,,,,5.7,,11.6,,,,,,,,,,,,3.5,,,,,,10.1,,,,,,,,,,,,,,,,,,,,,13.8,82.9,,,,,,,715,17752 ,9620 ,765,815,729,786,858,836,886,908,822,750,858,872,850,908,893,893,929,943,922,943,979,,,
キャメロット,隠れ村,21,74497 ,,,,,34.7,,,,,,,,,,,,,,,,,,,,,,,,,,,,,,,,,,,,,,17.4,,,,,,,,,,,,,,,,11.5,5.5,,,,,8.8,,,,,,,,,,,,,,,,,,,,,,,,,,,,71.9,,,,,,,,,,795,22488 ,10660 ,845,895,810,874,954,924,974,1004,914,834,954,964,934,1004,993,993,1033,1043,1014,1043,1083,,,
キャメロット,王城,21,5313 ,,,,17.0,,,,,,,,,,,,,,,,,,,38.8,,,,,,,,,,,,,,,,,,,,,,,,,,,,,,,,,,,,,,27.7,,,,,,,,,,,,,,10.6,,,,,,,4.7,,,,,,,24.3,,,,,,,,,,,,,,815,23752 ,10920 ,865,915,831,896,978,946,996,1028,937,855,978,987,955,1028,1018,1018,1059,1068,1037,1068,1109,,,
キャメロット,無の大地,22,2939 ,,,,,,,,,,,,,,,,,,,,,,50.5,,,,,,,,,,,,,,,,,,,,,,,,,,,,,,,,,9.0,,17.2,,,,,,,5.7,,5.8,,,3.6,,7.0,,,,,,,,,,,,,,,,,,,4.9,,9.7,,,,,,,,,,,835,25048 ,11180 ,885,935,851,918,1002,968,1018,1052,960,876,1002,1010,976,1052,1043,1043,1085,1093,1060,1093,1135,,,
キャメロット,大神殿,22,40085 ,,,,,46.0,,,,,,,,,,,,,,,,,,,,,,,,,,,,,,,,,,,,,,,13.6,,,,,,,,,,,,,,,5.8,17.3,,,,,,,,,,,,6.9,,,,,,,,,,,,,,,,,,,,,,,,,,,,172.5,,,855,26376 ,11440 ,905,955,872,940,1026,990,1040,1076,983,897,1026,1033,997,1076,1068,1068,1111,1118,1083,1118,1161,,,
バビロニア,廃都バビロン,20,5804 ,,,,,,,,,,,,,,57.0,,,,,,,,,,,,,,,,,,,,,,,,,,,,,,,,,,,,,,,,,,,51.7,,,,,,,,,,,,,,,,,,,,,,,,,,,,,,,,,,,47.0,,,,,,,,,,,735,18888 ,9880 ,785,835,749,808,882,858,908,932,845,771,882,895,871,932,918,918,955,968,945,968,1005,,,
バビロニア,北の高台,20,8006 ,,,,,,,,,,,,,,28.9,,,,,,,,,,,,,,,,,,,,,,,,,,,,18.9,,,,,,,,,,,,,,,27.3,,,,,,,,,8.9,,,,,,,,,,,,,,,,,,,,,,,,,,24.2,,5.3,,,,,,,,,735,18888 ,9880 ,785,835,749,808,882,858,908,932,845,771,882,895,871,932,918,918,955,968,945,968,1005,,,
バビロニア,黒い杉の森,20,1106 ,,,,,,,,,,,,,,38.3,,,,,,,,,,,,,,,,,,,,,,,,,,,,,,,14.0,,,,,,,,,,,,36.4,,,,,,,8.9,,,,,,,,,,,,,,,,,,,,,,,,,,,,42.6,,,,,,,,,,,735,18888 ,9880 ,785,835,749,808,882,858,908,932,845,771,882,895,871,932,918,918,955,968,945,968,1005,,,
バビロニア,高原,20,1026 ,,,,,,55.5,,,,,,,,29.3,,,,,,,,,,,,,,,,,,,,,,,,,,,,,,,,,,,,,,,,,,23.0,28.5,,,,,,,,,,,,,,,,,,,,,,,,,,,,,,,,,,13.3,25.9,,,,,,,,,,,735,18888 ,9880 ,785,835,749,808,882,858,908,932,845,771,882,895,871,932,918,918,955,968,945,968,1005,,,
バビロニア,湿原,21,1006 ,,,,,,43.9,,,,,,,,,,,26.2,,,,,,,,,,,,,,,,,,,,,,,,,,,,,,,,,,,,,,,28.0,,,,,,17.4,,,,,,,,,,,,,,,,,,,,,,,,,,,,11.0,,,,,,,,,,,,,755,20056 ,10140 ,805,855,770,830,906,880,930,956,868,792,906,918,892,956,943,943,981,993,968,993,1031,,,
バビロニア,ウル,21,1688 ,,,,,,,,,,,,,,28.3,,,,,,,,,,,,,,,,,,,,,,21.1,,,,,,,,,,,,,,,,,,,,,,,,,9.3,,,,,10.6,24.8,,,,,,,,,,,,,,,,,,,,,,,,,,,,16.6,,,,,,,,755,20056 ,10140 ,805,855,770,830,906,880,930,956,868,792,906,918,892,956,943,943,981,993,968,993,1031,,,
バビロニア,エリドゥ,21,10663 ,,,72.2,,,,,,,,,,,,,,,,,,,,,,,,,,,,,,,,,,,,,,,,,,,,,,,,,,,,,,44.1,,,,,,,21.6,,,,,,,,,,,,,,,,,,,,,,,,,,,,15.1,,,,,,,,,,,755,20056 ,10140 ,805,855,770,830,906,880,930,956,868,792,906,918,892,956,943,943,981,993,968,993,1031,,,
バビロニア,観測所,21,3795 ,,,,,,,,,,,,,,,,,,,,,,,,45.4,,,,,,,,,,,,,,,,,,,,,,,,,,,,,,43.2,,,,,,,11.2,,,,,,,,,,,,,,,,,,,,,,,,,,,,23.2,,,,,,,,,,,,,,775,21256 ,10400 ,825,875,790,852,930,902,952,980,891,813,930,941,913,980,968,968,1007,1018,991,1018,1057,,,
バビロニア,葦の原,21,1803 ,,,,,,69.2,,,,,,,,,,,,,,,,,,,,,,,,,,,,,,,,,,,,,,,,,,,,,,,,,,51.7,,,,,,,,,,,,,,,,,,,,,,,,,,,,,,,,,,,17.5,,,,,,,,,,,,775,21256 ,10400 ,825,875,790,852,930,902,952,980,891,813,930,941,913,980,968,968,1007,1018,991,1018,1057,,,
バビロニア,クタ,21,3959 ,,,,,,,,,,,,,,,45.9,,,,,,,,,,,,,,,,,,,,,,,,,,,,,,,,,,,,,,,,,,,,35.3,,,,,,,13.2,,,,,,,,,,,,,,,,,,,,,,,,,,,,10.7,,,,,,,,,795,22488 ,10660 ,845,895,810,874,954,924,974,1004,914,834,954,964,934,1004,993,993,1033,1043,1014,1043,1083,,,
バビロニア,北壁,21,1016 ,,,,,,47.8,,,,,,,,,,,,,,,,,,,,,,,,,,,,,,,,,,,,,,,11.5,,,,,,,,,,,35.9,,,,,,,,8.4,,,,,,,,,,,,,,,,,,,,,,,,,,,14.5,5.4,,,,,,,,,,,795,22488 ,10660 ,845,895,810,874,954,924,974,1004,914,834,954,964,934,1004,993,993,1033,1043,1014,1043,1083,,,
バビロニア,ニップル,21,3757 ,,,,,,33.8,,,,,,,,,,,,,,,,,,,,,,,,,,,,,,,,13.0,,,,,,,,,,,,,,,,,,29.4,,,,,,,,,,,,,,,3.3,,,,,,,,,,,,,,,,,,,,14.5,,,,,,,,5.4,,,,815,23752 ,10920 ,865,915,831,896,978,946,996,1028,937,855,978,987,955,1028,1018,1018,1059,1068,1037,1068,1109,,,
バビロニア,エビフ山,21,21645 ,,,,,,,,,,,,,,28.7,,,,,,,,,,,,,,,,,,,,,,,,,,,,,,,,13.3,,,,,,,,,,,,,,,,,,,,,28.7,,,,,,,3.4,,,,,,,,,,,,,,,,,,,,,24.2,,,,,,,5.4,815,23752 ,10920 ,865,915,831,896,978,946,996,1028,937,855,978,987,955,1028,1018,1018,1059,1068,1037,1068,1109,,,
バビロニア,鮮血神殿,21,11244 ,,,,,,,,,,,,,,26.4,,,,,,,,,,,,,,,,,,,,,,,,,,,,,,,19.7,,,,,,,,,,,,16.9,,,,,,,17.4,,,,,,,,,,,,,,,,,,,,,,,,,,,,24.4,,,,,,,,,,,815,23752 ,10920 ,865,915,831,896,978,946,996,1028,937,855,978,987,955,1028,1018,1018,1059,1068,1037,1068,1109,,,
新宿,代々木二丁目,20,1000 ,,,,,,,44.3,,,,,,,,,,,,,,,,,,,,,,,,,,,,,,,,,,,,,,,,,,,,,,,,,,,33.9,,,,,,,,,,,,,,,,,,,,,,,,,,,,,,,,,,,11.5,,,,,,,,,,735,18888 ,9880 ,785,835,749,808,882,858,908,932,845,771,882,895,871,932,918,918,955,968,945,968,1005,,,
新宿,国道20号,20,1910 ,,,,33.0,,,44.3,,,,,,,,,,,,,,,,,,,,,,,,,,,,,,,,,,,,,,,,,,,,,,,,18.0,,,,,,,9.6,,,,,,,,,,,,,,,,,,,,,,,,,,,,10.3,,,,,,,,,,,,,735,18888 ,9880 ,785,835,749,808,882,858,908,932,845,771,882,895,871,932,918,918,955,968,945,968,1005,,,
新宿,新宿駅,21,21601 ,,,,,,,73.5,,,,,,,,,,,,,,,,,,,,,,,,,,,,,,,,,,,,,,,,,,,,,,,,23.1,,,,,,,28.8,,,,,,,,,,,,,,,,,,,,,,,,,,,,25.1,,,,,,,,,,,,,755,20056 ,10140 ,805,855,770,830,906,880,930,956,868,792,906,918,892,956,943,943,981,993,968,993,1031,,,
新宿,新宿四丁目,21,1190 ,,,,,,,44.6,,,,,,,,,,,,,,,,,,,,,,,,,,,,,18.0,,,,,,,,,,,,,,,,,,,,,,28.7,,,,,,,,,,,,,,,,6.1,,,,,,,,,,,,,,,,,,,15.8,,5.5,,,,,,,,755,20056 ,10140 ,805,855,770,830,906,880,930,956,868,792,906,918,892,956,943,943,981,993,968,993,1031,,,
新宿,歌舞伎町,21,2262 ,,,,32.3,,,,,,,,,,,,,,,34.1,,,,,,,,,,,,,,,,,,,,,,,,,,,,,,,,,,,,,,,,,,,,,,,41.7,,,,,,,,,,,,,,,,,,,,,,,,,,,,35.3,19.2,,,,,,,,775,21256 ,10400 ,825,875,790,852,930,902,952,980,891,813,930,941,913,980,968,968,1007,1018,991,1018,1057,,,
新宿,バレルタワー,21,1672 ,,,,,,,,,,,,,,,,,,,47.3,,,,,,,,,,,,,,,,,,,,,,,,,,,,,,,,,,,,,,,,,,,,,,,54.8,,,,,,,,,,,,,,,,,,,,,,,,,,,,44.8,,,,,,,,,775,21256 ,10400 ,825,875,790,852,930,902,952,980,891,813,930,941,913,980,968,968,1007,1018,991,1018,1057,,,
新宿,パーティー会場,21,1000 ,,,,31.1,,,36.0,,,,,,,,,,,,25.8,,,,,,,,,,,,,,,,,,,,,,,,,,,,,,,,,,,,16.1,,,,,,,11.3,,,,18.6,,,,,,,,,,,,,,,,,,,,,,,,25.9,,,,36.4,,,,,,,,,795,22488 ,10660 ,845,895,810,874,954,924,974,1004,914,834,954,964,934,1004,993,993,1033,1043,1014,1043,1083,,,
新宿,タワー最上階,21,1770 ,,,,,,,,,,,,,,,,,,,23.9,,,,,,,,,,,,,,,,,,,,13.6,,,,,,,,,,,,,,,,,,,,,,,,,,,29.7,,5.1,,,,,,,,,,,,,,,,,,,,,,,,,,25.6,,3.8,,,,,,,795,22488 ,10660 ,845,895,810,874,954,924,974,1004,914,834,954,964,934,1004,993,993,1033,1043,1014,1043,1083,,,
新宿,新宿御苑,21,3520 ,,,,,,,34.2,,,,,,,,,,,,,,,,,,,,,,,,,,,,,,13.6,,,,,,,,,,,,,,,,,,,,,44.5,,,,,,,,,,,,,,5.0,,,,,,,,,,,,,,,,,,,,,8.9,,,,,,,4.7,,,815,23752 ,10920 ,865,915,831,896,978,946,996,1028,937,855,978,987,955,1028,1018,1018,1059,1068,1037,1068,1109,,,
新宿,新宿二丁目,21,6277 ,,,,,,,,,,,,,,,,,,,,34.6,,,,,,,,,,,,,,,,,,,,,18.5,,,,,,,,,,,,,,,,,8.4,,,,9.4,,,23.2,,,,,,,3.3,,,,,,,,,,,,,,,,,,4.5,,,5.0,,,,,,,,,,815,23752 ,10920 ,865,915,831,896,978,946,996,1028,937,855,978,987,955,1028,1018,1018,1059,1068,1037,1068,1109,,,
アガルタ,地底平原,20,4105 ,,,45.3,,,,,,,,,,,,,,,,,,,,,,,,,,,,,,,,,20.7,,,,,,,,,,,,,,,,,,,,,34.8,,,,,,,,,,,,,,,,,4.8,,,,,,,,,,,,,,,,,,,,,5.7,,,,,,,,735,18888 ,9880 ,785,835,749,808,882,858,908,932,845,771,882,895,871,932,918,918,955,968,945,968,1005,,,
アガルタ,野営地,20,2123 ,,,,,,,,,,,,,,17.6,,,,16.4,,,,,,,,,,,,,,,,,,,,,,20.0,,,,,,,,,,,,,,,,44.0,,,,,,,20.9,,,,,,,,,,,,,,,,,,,,,,,,,,,,4.7,,,,,,,,,,,,735,18888 ,9880 ,785,835,749,808,882,858,908,932,845,771,882,895,871,932,918,918,955,968,945,968,1005,,,
アガルタ,川辺の町,20,1795 ,,,,,,,,,,,,,,43.8,,,,22.2,,,,,,,,,,,,,,,,,,,,,,,,,,,,,,,,,,,,43.9,,,,,,,17.9,,,,,,,3.7,,,,,,,,,,,,,,,,,,,,,5.7,,,,,,,,,,,,,,735,18888 ,9880 ,785,835,749,808,882,858,908,932,845,771,882,895,871,932,918,918,955,968,945,968,1005,,,
アガルタ,桃源郷,21,22427 ,,,,,,,,,,,,,,,,45.1,,,,,,,,,,,,,,,,,,,,,,,,,,,,,,,,,,,,,,,,,,,,36.2,,,,,,,11.4,,,,,,,3.5,,,,,,,,,,,,,,,,,,,,,5.4,,,,,,,,755,20056 ,10140 ,805,855,770,830,906,880,930,956,868,792,906,918,892,956,943,943,981,993,968,993,1031,,,
アガルタ,イース,21,1722 ,45.6,,,31.0,,,,,,,,,,,,,,,,,,,,,,,,,,,,,,,,,,,,,,,,,,,,,,,,,,,,,45.3,,,,,,,,,,,,,,,,,,,,,,,,,,,,,,,,,,,19.1,,,,,,,,,,,755,20056 ,10140 ,805,855,770,830,906,880,930,956,868,792,906,918,892,956,943,943,981,993,968,993,1031,,,
アガルタ,北の断崖,21,9274 ,,,,,44.6,,,,,,,,,,,,,,,,,,,,,,,,,,,,,,,,,,,,,21.2,,,,,,,,,,,,,,,,,,,,,,,,38.8,,,,,,,,,,,,,,,,,,,,,,,,,,,,31.7,,,,,,,,,755,20056 ,10140 ,805,855,770,830,906,880,930,956,868,792,906,918,892,956,943,943,981,993,968,993,1031,,,
アガルタ,不夜城,21,1334 ,,,,32.6,46.5,,,,,,,,,,,,,,,,,,,,,,,,,,,,,,,,,,,,,,,,,,,,,,,,,,,,,,,,,,,,,40.3,,,,,,,,,,,,,,,,,,,,,,,,,,,,43.1,,,,,,,,,775,21256 ,10400 ,825,875,790,852,930,902,952,980,891,813,930,941,913,980,968,968,1007,1018,991,1018,1057,,,
アガルタ,山裾の密林,21,3397 ,,,54.5,,,,,,,,,,,16.5,,,,15.7,,,,,,,,,,,,,,,,,,,,,,,,,,,,,,,,,,,,,17.4,,29.2,,,,,12.1,,5.6,,,,,,,,,,,,,,,,,,,,,,,,,,,,4.3,,,,,,,,,,,775,21256 ,10400 ,825,875,790,852,930,902,952,980,891,813,930,941,913,980,968,968,1007,1018,991,1018,1057,,,
アガルタ,竜宮城,21,1102 ,34.0,,,,,,,,,,,,,,,,,,,,,,,,,,,,,,,,,,,,,,,,,,,,,,14.6,,,,,,,,,,33.8,,,,,,,,,,,,5.2,,,,,,,,,,,,,,,,,,,,,,,,,,,,4.5,,,,,,795,22488 ,10660 ,845,895,810,874,954,924,974,1004,914,834,954,964,934,1004,993,993,1033,1043,1014,1043,1083,,,
アガルタ,地底大河,21,7359 ,,,,,,,,,,,,,,29.1,,,,34.3,,,,,,,,,,,,,,,,,,,,,,,,,,,,,,,,,,,,,45.0,,,,,,,,17.1,,,,,,,3.3,,,,,,,,,,,,,,,,,,,,,4.7,,,,,,,,,,,,795,22488 ,10660 ,845,895,810,874,954,924,974,1004,914,834,954,964,934,1004,993,993,1033,1043,1014,1043,1083,,,
アガルタ,エルドラド,21,1323 ,,,,32.5,,,,,,,,,,38.3,,,,,,,,,,,,,,,,,,,,,,,,,,,,,,,,,,,,,,,,61.6,,,,,,,,,,,,,,,,,,,,,,,,,,,,,,,,,,,,,,,,,19.5,,,,,,,,815,23752 ,10920 ,865,915,831,896,978,946,996,1028,937,855,978,987,955,1028,1018,1018,1059,1068,1037,1068,1109,,,
アガルタ,大地の裂け目,21,1000 ,,,,,,,,,,,,,,,,,47.4,,,,,,,,,,,,,,,,,,,,,,,,,,,,,,,,,,,,,,,,,,,,,,,,52.4,,,,,,,3.5,,,,,,,,,,,,,,,,,,,,,20.7,,,,,,,,,,815,23752 ,10920 ,865,915,831,896,978,946,996,1028,937,855,978,987,955,1028,1018,1018,1059,1068,1037,1068,1109,,,
下総国,田んぼ,20,1124 ,,,,,,,,,,,,,,44.5,28.6,,,,,,,,,,,,,,,,,,,,,,,,,,,,,,,,,,,,,,,,,27.8,,,35.9,,,,,,,,,,,,,,,,,,,,,,,,,,,,,,,,5.2,,,20.7,,,,,,,,,735,18888 ,9880 ,785,835,749,808,882,858,908,932,845,771,882,895,871,932,918,918,955,968,945,968,1005,,,
下総国,里,21,2303 ,,,,32.0,,,,,,,,,,38.9,,,,,,,,,,,25.5,,,,,,,,,,,,,,,,,,,,,,,,,,,,,,,29.2,,,,,17.2,,,,,,,,,,,,,,,,,,,,,,,,,,,,16.0,,19.2,,,,,,,,,,,,755,20056 ,10140 ,805,855,770,830,906,880,930,956,868,792,906,918,892,956,943,943,981,993,968,993,1031,,,
下総国,庵,21,1028 ,,,,,,,,,,,,,,,28.9,,,,,,,,,,26.8,,,,,,,,,,,,,,,,,,,,,,,,,,,,,,,,,,44.6,,24.1,,,,,,,,,,,,,,,,,,,,,,,,,,,,18.1,,,,,22.2,,,,,,,,,755,20056 ,10140 ,805,855,770,830,906,880,930,956,868,792,906,918,892,956,943,943,981,993,968,993,1031,,,
下総国,城下町,21,1200 ,,,,,,,,,,,,,,,,,,,,,,,,,47.7,,,,,,,,,,,,,,,,,,,,,,,,,,,,,,,,,,,,47.4,,,,,,,,,,,,,,,,,,,,,,,,,,,,39.8,,,,,,,,,,,,,,775,21256 ,10400 ,825,875,790,852,930,902,952,980,891,813,930,941,913,980,968,968,1007,1018,991,1018,1057,,,
下総国,合戦場,21,3643 ,,43.4,,31.7,,,,,,,,,,,,,,,,,,,,,27.4,,,,,,,,,,,,,,,,,,,,,,,,,,,,,28.8,,,,,,,17.2,,,,,,,,,,,,,,,,,,,,,,,,,,,,39.6,,,,,,,,,,,,,,775,21256 ,10400 ,825,875,790,852,930,902,952,980,891,813,930,941,913,980,968,968,1007,1018,991,1018,1057,,,
下総国,土気城,21,1120 ,,,,32.0,,,,,,,,,,,,,,,,,,,,,29.1,,,,,,,,,,,,,,,,,,,,,,10.5,,,,,,,,,,,,,,27.1,,,,,,,,,3.9,,,,,,,,,,,,,,,,,,,26.2,,,,,20.3,,,,4.3,,,,,795,22488 ,10660 ,845,895,810,874,954,924,974,1004,914,834,954,964,934,1004,993,993,1033,1043,1014,1043,1083,,,
下総国,裏山（名もなき霊峰）,21,7480 ,,,,32.4,,,,,,,,,,,,26.2,,,,,,,,,28.9,,,,,,,,,,,,,,,,,,,,,,,,,,,,,,,,,,,,29.5,,,,,,8.9,,,,,,,,,,,,,,,,,,,,,,25.4,,,,,,25.3,,,,,,,,795,22488 ,10660 ,845,895,810,874,954,924,974,1004,914,834,954,964,934,1004,993,993,1033,1043,1014,1043,1083,,,
下総国,荒川の原,21,9583 ,,,,31.0,,,,,,,,,,,,,,,,,,,,,22.6,,,,,,,,,,,,,,,,,,,,,13.6,,,,,,,,,,,,,,,28.7,,,,,,,,,,,,,3.6,,,,,,,,,,,,,,,26.9,,,19.8,,,,,,,,,,4.9,815,23752 ,10920 ,865,915,831,896,978,946,996,1028,937,855,978,987,955,1028,1018,1018,1059,1068,1037,1068,1109,,,
下総国,裏山（戦戦恐恐）,21,1681 ,,,,,,,,,,,,,,,28.9,,,,,,,,,,,,,,,,,,,,,,,,,,,,,,,,,,12.8,,,,,,,,,,44.2,,,,,,,,,,,,,,4.9,,,,,,,,,,,,,,,,,,,,,31.6,,,,,,,4.1,,815,23752 ,10920 ,865,915,831,896,978,946,996,1028,937,855,978,987,955,1028,1018,1018,1059,1068,1037,1068,1109,,,
セイレム,静寂な森,20,3386 ,,,,,,,,,,,,,,57.0,,,,,,,,,,,,,,,,,,,,,,,,,,,,,,,,,,,,,,,,,,,52.0,,,,,,,,,,,,,,,,,,,,,,,,,,,,,,,,,,,,,,,,,,,,,,735,18888 ,9880 ,785,835,749,808,882,858,908,932,845,771,882,895,871,932,918,918,955,968,945,968,1005,,,
セイレム,カーター家,20,16687 ,,,,,,,,44.5,,,,,,,,,,,,,,,,,,,,,,,,,,,,,13.1,,,,,,,,,,,,,,,,,,,,,,,,,,,,,28.9,,,,,,4.5,,,,,,,,,,,,,,,,,,,,,,24.8,,,,,,4.9,,,735,18888 ,9880 ,785,835,749,808,882,858,908,932,845,771,882,895,871,932,918,918,955,968,945,968,1005,,,
セイレム,公会堂,21,8263 ,,,,,,,,,,,,,,,,,,40.0,,,,,,,,,,,,,,,,,,,,,,,,,,,,,,,,,,,,,,,,,,,,,,,39.4,,,,,,,,,,,,,,,,,,,,,,,,,,,,35.8,,,,,,,,,,755,20056 ,10140 ,805,855,770,830,906,880,930,956,868,792,906,918,892,956,943,943,981,993,968,993,1031,,,
セイレム,波止場,21,1452 ,,,,,43.4,,,,,,,,,,,,,24.6,,,,,,,,,,,,,,,,,,,,,,,,,,,,,,,,,,,,,,,,,29.0,,,,,,21.9,,,,,,,,,,,,,,,,,,,,,,,,,,,,20.7,,,,,,,,,,755,20056 ,10140 ,805,855,770,830,906,880,930,956,868,792,906,918,892,956,943,943,981,993,968,993,1031,,,
セイレム,ウェイトリー家,21,13256 ,,,,,,,,,,,,,,,,,,,,,46.3,,,,,,,,,,,,,,,,,,,,,,,,,,,,,,,,,,,44.0,,,,,,,23.2,,,,,,,,,,,,,,,,,,,,,,,,,,,,19.6,,,,,,,,,,,,775,21256 ,10400 ,825,875,790,852,930,902,952,980,891,813,930,941,913,980,968,968,1007,1018,991,1018,1057,,,
セイレム,郊外の屋敷,21,1859 ,,,,,45.0,,,43.0,,,,,,,,,,,,,,,,,,,,,,,,,,,,,,,,,,,,,,,,,,,,,,,,,,,28.5,25.1,,,,,,,,,,,,,,,,,,,,,,,,,,,,,,,,,,,3.2,,,,,,,,775,21256 ,10400 ,825,875,790,852,930,902,952,980,891,813,930,941,913,980,968,968,1007,1018,991,1018,1057,,,
セイレム,ガローの丘,21,20469 ,,,,,,,,76.8,,,,,,,,,,,,,,,,,,,,,,,,,,,,,,,,,,,,,,,,,,,,,,,,,,,,40.3,,,,,,17.2,,,,,,,,,,,,,,,,,,,,,,,,,,,,15.4,5.8,,,,,,,,795,22488 ,10660 ,845,895,810,874,954,924,974,1004,914,834,954,964,934,1004,993,993,1033,1043,1014,1043,1083,,,
セイレム,牧草地,21,4451 ,,,,,,,,44.9,,,,,,39.3,,,,,,,,,,,,,,,,,,,,,,,,,,,,,,,,,,,,,,,,,,,28.6,,,27.5,,,,,,,,,,,,,,,,,,,,,,,,,,,,,,,,,,,3.9,,,,,,,,795,22488 ,10660 ,845,895,810,874,954,924,974,1004,914,834,954,964,934,1004,993,993,1033,1043,1014,1043,1083,,,
セイレム,空き家,21,4882 ,,,,,,,,45.0,,,,,,,,,,24.0,,,,,,,,,,,,,,,,,,,,,,,,,,,,,,,,,,,,,,,,,,28.1,,,,,16.8,,,,,,,,,,,,,,,,,,,,,,,,,,,,15.0,,,,,,,,,,815,23752 ,10920 ,865,915,831,896,978,946,996,1028,937,855,978,987,955,1028,1018,1018,1059,1068,1037,1068,1109,,,
セイレム,隠れ家,21,1331 ,,,,,,,,,,,,,,50.0,,,,16.0,,,,,,,,,,,,,,,,,,,,,,,,,,,,,,,,,,,,,,,26.5,,,,,,,,17.5,,,,,,,,,,,,,,,,,,,,,,,,,,,,16.8,,,,,,,,,,815,23752 ,10920 ,865,915,831,896,978,946,996,1028,937,855,978,987,955,1028,1018,1018,1059,1068,1037,1068,1109,,,
セイレム,留置所,21,8918 ,,,46.1,,,,,,,,,,,,,,,,,,,,,,,,,,,,,,,,,,,,,,,,21.8,,,,,,,,,,,45.9,,,,,,,,,,,7.8,,,,,,,,,,,,,,,,,,,,,,,,,,,,4.7,,,,,,,,,,815,23752 ,10920 ,865,915,831,896,978,946,996,1028,937,855,978,987,955,1028,1018,1018,1059,1068,1037,1068,1109,,,
アナスタシア,アンカーポイント,20,1037 ,,,,,,46.1,,,,,,,,,,,,,,,,,,,,,,,,,,,,,,,,,,21.5,,,,,,,,,,,,,,,,44.8,,,,,,,9.2,,,,,,,,,,,,,,,,,,,,,,,,,,,,4.8,,,,,,,,,,,,735,18888 ,9880 ,785,835,749,808,882,858,908,932,845,771,882,895,871,932,918,918,955,968,945,968,1005,,,
アナスタシア,ヤガ・スモレンスク,20,28487 ,,,,,,,,,73.0,,,,,,,,,,,,,,,,,,,,,,,,,,,,,,,,,,,,,,,,,,,,,28.2,,,,,22.7,,,,,,,,,,,,,,,,,,,,,,,,,,,,,,5.0,,,,,,,,,,,,,,735,18888 ,9880 ,785,835,749,808,882,858,908,932,845,771,882,895,871,932,918,918,955,968,945,968,1005,,,
アナスタシア,風穴氷窟,20,1907 ,,,,,,43.3,,,,,,,,,,,,,,,,,,28.5,,,,,,,,,,,,,,,,,,,,,,,,,,,,,,,,28.7,,,,23.4,,,,,,,,,,,,,,,,,,,,,,,,,,,,,,,3.7,,,,,,,,,,,,735,18888 ,9880 ,785,835,749,808,882,858,908,932,845,771,882,895,871,932,918,918,955,968,945,968,1005,,,
アナスタシア,叛逆軍の砦,21,9579 ,,,,,,,,,45.6,,,,,,,,,,,,,,,,,,,,,,,,,,,,,,,21.8,,,,,,,,,,,,,,44.7,,,,,,,,,8.5,,,,,,,,,,,,,,,,,,,,,,,,,,,,4.8,,,,,,,,,,,,755,20056 ,10140 ,805,855,770,830,906,880,930,956,868,792,906,918,892,956,943,943,981,993,968,993,1031,,,
アナスタシア,ヤガ・スィチョーフカ,21,1430 ,,,,,,,,,44.6,,,,,28.1,,,,,,,,,,,,,,,,,,,,,,,,,,,,,,,,,,,,,,,,,27.6,,,,,,,,,,,,24.9,,,,,,,,,,,,,,,,,,,,,,,4.7,,,,,,,,,,,,,755,20056 ,10140 ,805,855,770,830,906,880,930,956,868,792,906,918,892,956,943,943,981,993,968,993,1031,,,
アナスタシア,焼き払われた村,21,18297 ,,,,,,,,,45.6,,,,,,,,,,,,,,,28.0,,,,,,,,,,,,,,,,,,,,,,,,,,,,,,28.6,,,,,,23.0,,,,,,,,,,,,,,,,,,,,,,,,,,,,,5.2,,,,,,,,,,,,,,755,20056 ,10140 ,805,855,770,830,906,880,930,956,868,792,906,918,892,956,943,943,981,993,968,993,1031,,,
アナスタシア,ヤガ・ヴャジマ,21,12979 ,,,,,,43.5,,,44.3,,,,,,,,,,,,,,,,,,,,,,,,,,,,,,,,,,,,,,,,,,,,,,,22.9,,,28.5,,,,,,,,,,,,,,,,,,,,,,,,,,,,,,,,,,,5.0,,,,,,,,,775,21256 ,10400 ,825,875,790,852,930,902,952,980,891,813,930,941,913,980,968,968,1007,1018,991,1018,1057,,,
アナスタシア,ヤガ・ジェメンスク,21,87292 ,,,,,,,,,,,,,,,,,,,,,,,,,,29.1,,,,,,,,,,,,,,21.3,,,,,,,,,,,,,,,,,,,,,,,8.8,,,45.7,,,,,,,,,,,,,,,,,,,,,,,,,4.9,,,39.6,,,,,,,,,775,21256 ,10400 ,825,875,790,852,930,902,952,980,891,813,930,941,913,980,968,968,1007,1018,991,1018,1057,,,
アナスタシア,ヤガ・トゥーラ,21,4017 ,,,,31.1,,,,,33.8,,,,,,,,,,,,,,,,,22.5,,,,,,,,,,,,,,,,,,,,,,,,,,,,,17.4,,,,,,,,,,,28.2,,,,,,,,,,,,,,,,,,,,,,,,,,,,24.8,,,,,,,,,775,21256 ,10400 ,825,875,790,852,930,902,952,980,891,813,930,941,913,980,968,968,1007,1018,991,1018,1057,,,
アナスタシア,潰れた村,21,7205 ,,,,,,,,,,,,,,,,,,,,,,,,29.1,,29.1,,,,,,,,,,,,,,,,,,,,,,,,,,,,,,,,,,22.5,,,,,,28.5,,,,,,,,,,,,,,,,,,,,,,,,,,,,20.7,,,,,,,,,795,22488 ,10660 ,845,895,810,874,954,924,974,1004,914,834,954,964,934,1004,993,993,1033,1043,1014,1043,1083,,,
アナスタシア,ヤガ・モスクワ,21,78166 ,,,,,,,,,,,,,,,,,,,,,,,,,,51.3,,,,,,,,,,,,,,,,,,,,,,,,,,,,,,,,,,,,,,,,50.4,,,,,,,,,,,,,,,,,,,,,,,,,,,,45.6,,,,,,,,,795,22488 ,10660 ,845,895,810,874,954,924,974,1004,914,834,954,964,934,1004,993,993,1033,1043,1014,1043,1083,,,
アナスタシア,大渓谷の砦,21,1107 ,,,,32.7,,,,,33.6,,,,,,,,,,,,,,,,,,,,,,,,,,,,,,,,,,,,,,10.9,,,,,,,,,,,,34.1,,,,,,,,,,,,,,5.1,,,,,,,,,,,,,,,,,,,,,17.2,,,,,,,5.5,,795,22488 ,10660 ,845,895,810,874,954,924,974,1004,914,834,954,964,934,1004,993,993,1033,1043,1014,1043,1083,,,
アナスタシア,大樹の根元,21,1470 ,,,,32.4,,34.7,,,,,,,,,,,,,,,,,,,,23.4,,,,,,,,,,,,,,,,,,,,,,,,,,,,,,24.4,,,,,,,,,,22.4,,,,,,,,,,,,,,,,,,,,,,,,,,,20.8,20.7,,,,,,,,,815,23752 ,10920 ,865,915,831,896,978,946,996,1028,937,855,978,987,955,1028,1018,1018,1059,1068,1037,1068,1109,,,
アナスタシア,ヤガ・リャザン,21,6091 ,,,,,,,,,,,,,,,,,,,,,,,,,,27.9,,,,,,,,,,20.6,,,,,,,,,,,,,,,,,,,,,,,,,,,,,,38.6,,,,,,,,3.7,,,,,,,,,,,,,,,,,,,,36.1,5.3,,,,,,,,815,23752 ,10920 ,865,915,831,896,978,946,996,1028,937,855,978,987,955,1028,1018,1018,1059,1068,1037,1068,1109,,,
ゲッテルデメルング,ランディングポイント,20,1003 ,,,,32.3,,,,,,,,,,28.7,,,,,,,,,,,,,,,,,,,,,,,,,,,,,,,13.8,,,,,,,,,,,,,,52.5,,,,,,,8.7,,,,,,,,,,,,,,,,,,,,,,,19.5,,,,,36.2,,,,,,,,,735,18888 ,9880 ,785,835,749,808,882,858,908,932,845,771,882,895,871,932,918,918,955,968,945,968,1005,,,
ゲッテルデメルング,薄氷の丘,20,1106 ,,,,,,,,,,,,,,26.8,,,,,,,,,,,,,27.1,,,,,,,,,,,,,,,,,,,,,,,,,,,,,,,,35.5,,,,,,,,28.8,,,,,,,,,,,,,,,,,,,,,,,,,,,21.2,,,,,,,,,735,18888 ,9880 ,785,835,749,808,882,858,908,932,845,771,882,895,871,932,918,918,955,968,945,968,1005,,,
ゲッテルデメルング,巨人の花園,20,4283 ,,,,,,,,,,,,,,,,,,,,,,,,,,,44.8,,,,,,,,,,,,,,,,,,,,,,,,,,,,,,,,,,,,,,,,51.3,,,,,,,,,,,,,,,,,,,,,,,,,,,,13.4,,,,,,,,735,18888 ,9880 ,785,835,749,808,882,858,908,932,845,771,882,895,871,932,918,918,955,968,945,968,1005,,,
ゲッテルデメルング,第23集落,21,1528 ,,,,,,,,,,,,,,27.7,,,,,,,,,,,,,,28.1,,,,,,,,,,,,,,,,,,,,,,,,,,,,,,,35.7,,,,,30.2,,,,,,,,,,,,,,,,,,,,,,,,,,,,23.6,,20.5,,,,,,,,,755,20056 ,10140 ,805,855,770,830,906,880,930,956,868,792,906,918,892,956,943,943,981,993,968,993,1031,,,
ゲッテルデメルング,英雄の穴倉,21,1947 ,,,,,,,,,,,,,,,,29.1,,,,,,,,,,,28.0,,,,,,,,,,,,,,,,,,,,,,,,,,,,,,,,,,,,,,,,33.7,,,,,,,5.3,,,,,,,,,,,,,,,,,,,,,13.9,,,,,,,,755,20056 ,10140 ,805,855,770,830,906,880,930,956,868,792,906,918,892,956,943,943,981,993,968,993,1031,,,
ゲッテルデメルング,雪と氷の城,21,3055 ,,,,,,,,,,,,,,,,,,,,,,,,,,,,47.0,,,,,,,,,,,,,,,,,,,,,,,,,,,,,,,,,,,,52.0,,,,,,,,,,,,,,,,,,,,,,,,,,,,46.7,,,,,,,,,,,775,21256 ,10400 ,825,875,790,852,930,902,952,980,891,813,930,941,913,980,968,968,1007,1018,991,1018,1057,,,
ゲッテルデメルング,果てへと至る道,21,7604 ,,,,,,,,,,,,,,,,,,,,,,,,,,,27.9,,,,,,,,,,,,,,,,,,19.6,,,,,,,,,,,,,,,,,,,,,8.9,44.6,,,,,,,,,,,,,,,,,,,,,,,,,,,4.5,24.2,,,,,,,,775,21256 ,10400 ,825,875,790,852,930,902,952,980,891,813,930,941,913,980,968,968,1007,1018,991,1018,1057,,,
ゲッテルデメルング,炎の館,21,1394 ,,,,,,,,,,,,,,,,,,,,,,,,,,,28.3,29.8,,,,,,,,,,,,,,,,,,,,,,,,,,,,,,,,,,,,28.8,,,22.7,,,,,,,,,,,,,,,,,,,,,,,,,25.2,,,18.6,,,,,,,,795,22488 ,10660 ,845,895,810,874,954,924,974,1004,914,834,954,964,934,1004,993,993,1033,1043,1014,1043,1083,,,
ゲッテルデメルング,第67集落,21,1953 ,,,,,,,,,,,,,,,,,,,,,,,,,,,,29.3,,,,,,,,,,,,,,,,,20.4,,,,,,,,,,,,,,,,,,,39.1,,8.4,,,,,,,,,,,,,,,,,,,,,,,,,,32.9,,4.5,,,,,,,,,795,22488 ,10660 ,845,895,810,874,954,924,974,1004,914,834,954,964,934,1004,993,993,1033,1043,1014,1043,1083,,,
ゲッテルデメルング,北の境界,21,1554 ,,,,31.1,,,,,,,,,,,,,,,,,,,,,,,29.2,,,,,,,,,,,,,,,,,,,,,,,,,,,,,,,,,,,,,,,,45.0,,,,,,,,,,,,,,,,,,,,,,,,20.4,,,,28.8,,,,,,,,815,23752 ,10920 ,865,915,831,896,978,946,996,1028,937,855,978,987,955,1028,1018,1018,1059,1068,1037,1068,1109,,,
ゲッテルデメルング,忘れられた神殿,21,3521 ,,,,,,,,,,,,,,,,,,,,,,,,,,,,29.3,,,,,,,,,,,13.6,,,,,,,,,,,,,,,,,,,,,,,,,44.5,,,,4.7,,,,,,,,,,,,,,,,,,,,,,,,40.1,,,,4.5,,,,,,,815,23752 ,10920 ,865,915,831,896,978,946,996,1028,937,855,978,987,955,1028,1018,1018,1059,1068,1037,1068,1109,,,
シン,シーディングポイント,20,1026 ,,,,,,44.1,,,,,,,,,,,,,35.4,,,,,,,,,,,,,,,,,,,,,,,,,,,,,,,,,,,,,30.3,21.2,,,,,,,,,,,,,,,,,,,,,,,,,,,,,,,,,,,,,,,,,,,,,,735,18888 ,9880 ,785,835,749,808,882,858,908,932,845,771,882,895,871,932,918,918,955,968,945,968,1005,,,
シン,隣村,20,1260 ,,,,,,44.1,,,,,,,,,,,,,,,,,,,,,27.7,,,,,,,,,,,,,,,,,,,,,,,,,,,,,30.2,,,,,,,,,,,18.5,,,,,,,,,,,,,,,,,,,,,,,,23.5,,,,,,,,,,,,735,18888 ,9880 ,785,835,749,808,882,858,908,932,845,771,882,895,871,932,918,918,955,968,945,968,1005,,,
シン,氷冷窟,20,1006 ,,,,,,,,,,,,,,39.9,,,,,,,,,,,,,,,,,,,,,,,,,,,,,,,,,12.4,,,,,,,,,,,,38.3,,,,,,,,,,,,,,4.2,,,,,,,,,,,,,,,,,,,,,39.1,,,,,,,5.8,,735,18888 ,9880 ,785,835,749,808,882,858,908,932,845,771,882,895,871,932,918,918,955,968,945,968,1005,,,
シン,芥の陣幕,21,1010 ,,,,30.9,,,,,,,,,,,,,,,21.1,,,,,,,,23.0,,,,,,,,,,,,,,,,,,,,,,,,,,,,,,29.1,,,,,,,,,,16.5,,,,,,,,,,,,,,,,,,,,,,20.5,,,,,,16.9,,,,,,,,755,20056 ,10140 ,805,855,770,830,906,880,930,956,868,792,906,918,892,956,943,943,981,993,968,993,1031,,,
シン,景陽原,21,1739 ,,,,30.4,,,,,,,,,,,,,,,,,,,,,,,23.7,,,,,,,,,,,,,,,,,,,,,19.3,,,,,,,,,,,,,,10.9,,,,,23.3,,,,,,,,,,,,,,,,,,,,,,,9.9,,,,,20.4,,,,,,,,755,20056 ,10140 ,805,855,770,830,906,880,930,956,868,792,906,918,892,956,943,943,981,993,968,993,1031,,,
シン,山陽丘,21,1100 ,,,,31.9,,32.7,,,,,,,,,,,,,,,,,,,,,,,,,,,,,,,,,,,,,,,,,,16.5,,,,,,,,26.5,,,,,,11.5,,,,,,,,,,,,,,,,,,,,,,,,,,,,9.7,24.6,19.6,,,,,,,,,,,775,21256 ,10400 ,825,875,790,852,930,902,952,980,891,813,930,941,913,980,968,968,1007,1018,991,1018,1057,,,
シン,収容所,21,19868 ,,,,,,,,,,,,,,,,,,,,,,,,,,,,,29.0,,,,,,,,,,,,,,,,,,,22.6,,,,,,,,,,,,,,17.6,,,,22.6,,,,,,,,,,,,,,,,,,,,,,,,16.0,,,,20.0,,,,,,,,,775,21256 ,10400 ,825,875,790,852,930,902,952,980,891,813,930,941,913,980,968,968,1007,1018,991,1018,1057,,,
シン,石泉峡,21,1016 ,,,,,,,,,,,,,,,,,,,32.8,,,,,,,,,,,,,,,,,,,,,,,,,,,,,22.5,,,,,,,,,27.3,,,,,22.7,,,,,,,,,,,,,,,,,,,,,,,,,,,,18.2,,,,,,,,,,,,,795,22488 ,10660 ,845,895,810,874,954,924,974,1004,914,834,954,964,934,1004,993,993,1033,1043,1014,1043,1083,,,
シン,大坪峪,21,1330 ,,,,,,,,,,,,,,,,,,,35.3,,,,,,,,,,28.0,,,,,,,,,,,,,,,,,,,,,,,,,,,,29.7,,,,,,,,,22.6,,,,,,,,,,,,,,,,,,,,,,,,,,,,19.5,,,,,,,,,795,22488 ,10660 ,845,895,810,874,954,924,974,1004,914,834,954,964,934,1004,993,993,1033,1043,1014,1043,1083,,,
シン,咸陽,21,4625 ,,,,31.8,,,,,,,,,,,,,,,,,,,,,,,,,23.0,,,,,,,,,,,,,,,,,,,17.0,,,,,,,,,,,,,,16.7,,,,28.6,,,,,,,,,,,,,,,,,,,,,,,,15.6,17.3,,,25.2,,,,,,,,,815,23752 ,10920 ,865,915,831,896,978,946,996,1028,937,855,978,987,955,1028,1018,1018,1059,1068,1037,1068,1109,,,
シン,八門洞,21,29904 ,,,,,,,,,,,,,,,,,,,,,,,,,,,,,45.5,,,,,,,,,,,,,,,,,,,,,,,,,,,,,,,,,,,,,51.5,,,,,,,,,,,,,,,,,,,,,,,,,,,,45.3,,,,,,,,,815,23752 ,10920 ,865,915,831,896,978,946,996,1028,937,855,978,987,955,1028,1018,1018,1059,1068,1037,1068,1109,,,
ユガ・クシェートラ,イニシエートポイント,20,11069 ,,,,,,,,,,,,,,,,,,,,,,,,,,,,,,28.5,,,,,,,,,,23.3,,,,,,,,,,,,,,,,,,,,29.1,,,17.2,,,,,,,,,,,,,,,,,,,,,,,,,,,,15.5,,,,,,,,,,,,735,18888 ,9880 ,785,835,749,808,882,858,908,932,845,771,882,895,871,932,918,918,955,968,945,968,1005,,,
ユガ・クシェートラ,ビーチュ,20,1436 ,,,,30.8,,,,,,,,,,,,,,17.0,,,,,,,,,,,,23.7,,,,,,,,,,,,,,,,,,,,,,,,,,,,,,33.8,,,,,10.7,,,,,,,,,,,,,,,,,,,,,,,,,20.0,,,11.4,,,,,,,,,,735,18888 ,9880 ,785,835,749,808,882,858,908,932,845,771,882,895,871,932,918,918,955,968,945,968,1005,,,
ユガ・クシェートラ,隠遁窟,21,29597 ,,,,,,,,,,,,,,,,,,,,,,,,,,,,,,28.9,,,,,,,,,,,,22.6,,,,,,,,,,,,,,,,,,28.5,,,,,,17.3,,,,,,,,,,,,,,,,,,,,,,,,,,,,14.8,,,,,,,,,755,20056 ,10140 ,805,855,770,830,906,880,930,956,868,792,906,918,892,956,943,943,981,993,968,993,1031,,,
ユガ・クシェートラ,北の霊峰,21,8336 ,,,,31.3,34.0,,,,,,,,,,,,,,,,,,,,,,,,,,,,,,,,,,,,,,,,,,,,,10.8,,,,,,,,,,27.4,,,,,,,,,,4.4,,,,,,,,,,,,,,,,,,,,,,,,,28.9,,,4.8,,,,,755,20056 ,10140 ,805,855,770,830,906,880,930,956,868,792,906,918,892,956,943,943,981,993,968,993,1031,,,
ユガ・クシェートラ,西の断層,21,5841 ,,,,,,,,,,,,,,,,,,,,,,,,,,,,,,29.2,,,,,,21.6,,,,,,,,,,,,,,,,,,,,,,,,27.5,,,,25.2,,,,,,,,,,,,,,,,,,,,,,,,,,,,12.3,,,,,,,,,,,755,20056 ,10140 ,805,855,770,830,906,880,930,956,868,792,906,918,892,956,943,943,981,993,968,993,1031,,,
ユガ・クシェートラ,ディーヴァール,21,97145 ,,,,,,,,,,,,,,,,,,,,,,,,,,,,,,29.0,,,,,,,,,,,,,,,,,,,,13.0,,,,,,,,,,34.2,,,,,,,,,,4.6,,,,,,,,,,,,,,,,,,,,,,,,,,,,5.1,,,,,775,21256 ,10400 ,825,875,790,852,930,902,952,980,891,813,930,941,913,980,968,968,1007,1018,991,1018,1057,,,
ユガ・クシェートラ,神の空岩跡,21,15814 ,,,,,,,,,,,,,,,,,,,,,,,,,,,,,,46.1,,,,,,,,,,,,,,,,,,,,,,,,,,,,,,43.9,,,,,,,5.7,,,,,,,,,,,,,,,,,,,,,,,,,,,,5.2,,,,,,,,795,21256 ,10400 ,845,895,810,874,954,924,974,1004,914,834,954,964,934,1004,993,993,1033,1043,1014,1043,1083,,,
ユガ・クシェートラ,南の町,21,1065 ,,,,29.8,32.6,,,,,,,,,,,,,,,,,,,,,,,,,21.9,,,,,,,,,,,,,,,,,,,,,,,,,,,,,,41.4,,,,,,,5.8,,,,,,,,,,,,,,,,,,,,,,,,,,22.6,,7.1,,,,,,,,795,22488 ,10660 ,845,895,810,874,954,924,974,1004,914,834,954,964,934,1004,993,993,1033,1043,1014,1043,1083,,,
ユガ・クシェートラ,無窮の地,21,14258 ,,,,31.2,,,,,,,,,,,,,,17.4,,,,,,,,,,,,,,,,,,,,,,,,,,,,,,,,11.1,,,,,,,,,,,,,,,16.7,,,,,4.8,,,,,,,,,,,,,,,,,,,,,,,34.7,,,,,4.7,,,,,815,23752 ,10920 ,865,915,831,896,978,946,996,1028,937,855,978,987,955,1028,1018,1018,1059,1068,1037,1068,1109,,,
ユガ・クシェートラ,東の花園,21,24880 ,,,,,,,,,,,,,,,,,,23.1,,,,,,,,,,,,,,,,,,,,,,,,,22.0,,,,,,,,,,,,,,,,,,,,,,46.3,,,,,,,,,,,,,,,,,,,,,,,,,,,,35.1,,,,,,,,,,815,23752 ,10920 ,865,915,831,896,978,946,996,1028,937,855,978,987,955,1028,1018,1018,1059,1068,1037,1068,1109,,,
アトランティス,セーリングポイント,21,2392 ,,,,,,,,,,,,,,,,,,,,,,,,29.1,,,,,,,,,,,,,,,,,,,,,,,,,,,13.6,,,40.4,,,,,,,,,,,,,,,,,4.3,,,,,,,,,,,,,,,,,,8.9,,,,,,,,,,5.1,,,,755,20056 ,10140 ,805,855,770,830,906,880,930,956,868,792,906,918,892,956,943,943,981,993,968,993,1031,,,
アトランティス,ヘスティア島,21,1223 ,,,,,,,,,,,,,,,,,,,,,,,,,,,,,,,29.9,,,,,,,,,,,,,,,,12.6,,,,,,,,,,,,,,,,,,,21.3,22.2,,4.6,,,,,,,,,,,,,,,,,,,,,,,,,19.6,,,3.1,,,,,,755,20056 ,10140 ,805,855,770,830,906,880,930,956,868,792,906,918,892,956,943,943,981,993,968,993,1031,,,
アトランティス,ヘカテ島,21,4705 ,,,,,,,,,,,,,,,,,,,,,,,,,,,,,,,31.0,,,,,21.6,,,,,,,,,,,,,,,,,,,,,,,,,,,,,,,53.6,,,,,,,,,,,,,,,,,,,,,,,,,,,,10.3,,,,,,,,755,20056 ,10140 ,805,855,770,830,906,880,930,956,868,792,906,918,892,956,943,943,981,993,968,993,1031,,,
アトランティス,デイモス島,21,22594 ,,,,,,,,,,,,,,,,,,,,,,,,,,,,,,,29.4,,,,,,,,,,,,,13.8,,,,,,,,,,,,,,,,,39.9,,,,,,,,,,,7.2,,,,,,,,,,,,,,,,,34.9,,,,,,,,,,,9.9,,,755,20056 ,10140 ,805,855,770,830,906,880,930,956,868,792,906,918,892,956,943,943,981,993,968,993,1031,,,
アトランティス,アストライア島,21,3141 ,,,,31.5,,,,,,,,,,,,,,,,,,,,,,,,,,,22.9,,,,,,,,10.4,,,,,,,,,,,,,,,,,,,,,,34.4,,,,,,,3.7,,,,,,,,,,,,,,,,,,,,,29.7,,,,,,,6.7,,,,,,,775,21256 ,10400 ,825,875,790,852,930,902,952,980,891,813,930,941,913,980,968,968,1007,1018,991,1018,1057,,,
アトランティス,テティス島,21,1113 ,,,,,,,,,,,,,,,,,28.8,,,,,,,,,,,,,,,,,,,,,,,,,,,,,,,20.2,,,,,,,,,,,,,,,17.3,,51.5,,,,,,,,,,,,,,,,,,,,,,,,,,8.3,,38.5,,,,,,,,,,775,21256 ,10400 ,825,875,790,852,930,902,952,980,891,813,930,941,913,980,968,968,1007,1018,991,1018,1057,,,
アトランティス,エリス島,21,1278 ,,,,32.3,,,,,,,,,,,,,,,,,,,,,,,,,,,24.0,,,,,,,,,,,,,,,,,15.1,,,,,,,,,,,,,,,9.3,,,,31.9,,,,,,,,,,,,,,,,,,,,,,,21.1,6.1,,,,5.0,,,,,,,,795,22488 ,10660 ,845,895,810,874,954,924,974,1004,914,834,954,964,934,1004,993,993,1033,1043,1014,1043,1083,,,
アトランティス,ネメシス島,21,4906 ,,,,,,,,,,,,,,,,,,,,,,,,,,,,,,,29.1,,,,,,,,,,,,,,,,,,,,14.1,,,,,,,,,,,,,,,,39.6,,,,4.5,,,,,,,,,,,,,,,,,,,,,,,,10.6,,,,5.5,,,,815,23752 ,10920 ,865,915,831,896,978,946,996,1028,937,855,978,987,955,1028,1018,1018,1059,1068,1037,1068,1109,,,
アトランティス,タナトス島,21,2064 ,,,,,,,,,,,,,,,,,,,,,,,,,,,,,,,41.5,,,,,,,,,,,,,,,,,,,,,,,,,,,,,,17.4,,,,,16.3,15.3,,,,,,,,,,,,,,,,,,,,,,16.5,,,,,14.4,6.0,,,,,,,,815,23752 ,10920 ,865,915,831,896,978,946,996,1028,937,855,978,987,955,1028,1018,1018,1059,1068,1037,1068,1109,,,
オリュンポス,グライディングポイント,21,1739 ,,,,,,,,,,,,,,,,,29.0,,,,,,,,,,,,,,,,,,,20.6,,,,,,,,,,,,,,,,,,,,,,,,,,,,,66.0,,8.4,,,,,,,,,,,,,,,,,,,,,,,,,,38.9,,4.3,,,,,,,,755,20056 ,10140 ,805,855,770,830,906,880,930,956,868,792,906,918,892,956,943,943,981,993,968,993,1031,,,
オリュンポス,星間都市西部,21,28798 ,,,,,,,,,,,,,,,,,,,,,,,,,,,,,,,,,,,,,,,,,,,,,,,,22.7,,,,22.5,,,,,,,,,,,35.4,,,,,,,,,,,,,,,,,,,,,,,,,,,,19.5,,,,,,,,,,,,755,20056 ,10140 ,805,855,770,830,906,880,930,956,868,792,906,918,892,956,943,943,981,993,968,993,1031,,,
オリュンポス,星間都市南部,21,17602 ,,,,,,,,,,,,,,,,,,,,,,,,,,,,,,,,29.0,,,,,,,,,,,,,,,,,,,,21.7,,,,,,,,,,,17.8,,,40.3,,,,,,,,,,,,,,,,,,,,,,,,,10.0,,,33.1,,,,,,,,,755,20056 ,10140 ,805,855,770,830,906,880,930,956,868,792,906,918,892,956,943,943,981,993,968,993,1031,,,
オリュンポス,星間都市東部,21,11443 ,,,,,,,,,,,,,,,,28.3,,,,,,,,,,,,,,,,,,,,,,,,,,,,,,,,,,,,22.3,,,,,,,,29.1,,,17.4,,,,,,,,,,,6.7,,,,,,,,,,,,,,,,,10.4,,,,10.5,,,,,,,,755,20056 ,10140 ,805,855,770,830,906,880,930,956,868,792,906,918,892,956,943,943,981,993,968,993,1031,,,
オリュンポス,大工房,21,1579 ,,,,30.5,,,,,,,,,,,,,,,,,,,,,,,,,,,,24.1,,,,,,,,,,,,,,,10.8,,,,,,,,,,,,,,,,,,,33.2,,,5.8,,,,,,,,,,,,,,,,,,,,19.8,,,,,28.6,,,3.8,,,,,,775,21256 ,10400 ,825,875,790,852,930,902,952,980,891,813,930,941,913,980,968,968,1007,1018,991,1018,1057,,,
オリュンポス,破神同盟基地,21,33904 ,,,,,,,,,,,,,,,,,,,,,,,,,,,,,,,,29.1,,,,,,,,,,,,,,,,21.4,,,,,,,,,,,,,,,8.9,,,40.4,,,,,,,,,,,,,,,,,,,,,,,,,5.7,,,33.9,,,,,,,,,775,21256 ,10400 ,825,875,790,852,930,902,952,980,891,813,930,941,913,980,968,968,1007,1018,991,1018,1057,,,
オリュンポス,祭壇街,21,3223 ,,,,,,,,,,,,,,,,,29.7,,,,,,,,,,,,,,,,,,,,,,,,,,,,,,,,,,,22.6,,,,,,,,,,,18.0,,63.0,,,,,,,,,,,,,,,,,,,,,,,,,,9.3,,34.7,,,,,,,,,,775,21256 ,10400 ,825,875,790,852,930,902,952,980,891,813,930,941,913,980,968,968,1007,1018,991,1018,1057,,,
オリュンポス,空中庭園,21,4796 ,,,,,,,,,,,,,,,,,,,,,,,,,,,,,,,,29.8,,,,,,,,,,,,,,,,,,,13.1,,,,,,,,,,,,,,,39.3,,,,,4.8,,,,,,,,,,,,,,,,,,,,,,,35.6,,,,,5.3,,,,795,22488 ,10660 ,845,895,810,874,954,924,974,1004,914,834,954,964,934,1004,993,993,1033,1043,1014,1043,1083,,,
オリュンポス,機神回廊,21,1166 ,,,,,,,,,,,,,,,,,25.4,,,,,,,,,,,,,,,,,,,,,,,,,,,,,,,,,,13.0,,,,,,,,,,,,,,61.7,,,,,,4.4,,,,,,,,,,,,,,,,,,,,,,33.7,,,,,,5.3,,,,795,22488 ,10660 ,845,895,810,874,954,924,974,1004,914,834,954,964,934,1004,993,993,1033,1043,1014,1043,1083,,,
オリュンポス,大祭壇,21,1794 ,,,,31.4,,,,,,,,,,,,,22.5,,,,,,,,,,,,,,,23.3,,,,,,,,,,,,,,,,,,,,,,,,,,,,,,,,,19.0,33.4,,,,,,,,,,,,,,,,,,,,,,,,,,17.4,10.2,32.4,,,,,,,,,815,23752 ,10920 ,865,915,831,896,978,946,996,1028,937,855,978,987,955,1028,1018,1018,1059,1068,1037,1068,1109,,,
オリュンポス,地下機構帯・外周部,21,33187 ,,,,,,,,,,,,,,,,,,,,,,,,,,,,,,,,45.5,,,,,,,,,,,,,,,,,,,,,,,,,,,,,,,,,,51.6,,,,,,,,,,,,,,,,,,,,,,,,,,,,44.5,,,,,,,,,815,23752 ,10920 ,865,915,831,896,978,946,996,1028,937,855,978,987,955,1028,1018,1018,1059,1068,1037,1068,1109,,,
平安京,七条四坊,21,14916 ,,,,,,,,,,,,,,,,,,,,,,,,,,,,,,,,,28.8,,,,,,,,,,,,,,,,13.1,,,,,,,,,,,,,,34.3,,,,,,,,,,4.7,,,,,,,,,,,,,,,,,,15.7,,,,,,,,,,5.4,,755,20056 ,10140 ,805,855,770,830,906,880,930,956,868,792,906,918,892,956,943,943,981,993,968,993,1031,,,
平安京,七条二坊,21,1685 ,,,,30.8,,,,,,,,,,,,,,,,,,,,,,,,,,,,,23.6,,,,,,,,,15.8,,,,,,,,,,,,,,,,,,,,,30.1,,,9.5,,,,,,,,,,,,,,,,,,,,,,,21.1,,19.8,,,6.0,,,,,,,,,765,20652 ,10270 ,815,865,780,841,918,891,941,968,879,803,918,929,903,968,956,956,994,1006,979,1006,1044,,,
平安京,六条大路,21,1616 ,,,,,,,,,,,,,,,,,,,,,,,,,29.0,,,,,,,,30.0,,,,,,,,,,,,,,,,,,,,,,,,,,,,28.0,,24.8,,,,,,,,,,,,,,,,,,,,,,,,,,23.2,,20.4,,,,,,,,,,,,765,20652 ,10270 ,815,865,780,841,918,891,941,968,879,803,918,929,903,968,956,956,994,1006,979,1006,1044,,,
平安京,貴族邸,21,2431 ,,,,,,,,,,,,,,,,,,,,28.9,,,,,,,,,,,,,,,,,,,,,,,,,,,,,12.5,,,,,,,,,,,,,,,,46.9,,,,,,,,4.7,,,,,,,,,,,,,,,,,,,,,,,,,,,,4.5,,775,21256 ,10400 ,825,875,790,852,930,902,952,980,891,813,930,941,913,980,968,968,1007,1018,991,1018,1057,,,
平安京,朱雀門,21,7583 ,,,,,,,,,,,,,,,,,,,,,,,,,29.0,,,,,,,,,,,,,,,,,,,,,,,,,,,,13.3,,,,,,,,39.2,,,,,,,,,,,,,4.8,,,,,,,,,,,,,,,35.4,,,,,,,,,,,,,4.8,775,21256 ,10400 ,825,875,790,852,930,902,952,980,891,813,930,941,913,980,968,968,1007,1018,991,1018,1057,,,
平安京,平安宮,21,4228 ,,,,,,,,,,,,,,,,,,,,,,,,,29.3,,,,,,,,,,,,,,,,,,,,,,,,12.9,,,,,,,,,,,,46.5,,,,,,,,,,,,4.8,,,,,,,,,,,,,,,,39.8,,,,,,,,,,,,6.5,,785,21868 ,10530 ,835,885,800,863,942,913,963,992,902,824,942,952,924,992,981,981,1020,1031,1002,1031,1070,,,
平安京,朱雀大路,21,2451 ,,,,,,,,,,,,,,,28.5,,,,,,,,,,,,,,,,,,28.6,,,,,,,,,,,,,,,,,,,,,,,,,,43.1,,,,23.5,,,,,,,,,,,,,,,,,,,,,,,,,,,,,,,,,,,,,,,,795,22488 ,10660 ,845,895,810,874,954,924,974,1004,914,834,954,964,934,1004,993,993,1033,1043,1014,1043,1083,,,
平安京,稲荷神社,21,12209 ,,,,,,,,,,,,,,,,,,,29.6,,,,,,,,,,,,,,,,,,,,,,,,,,,,,,,13.2,,,,26.3,,,,,,,22.5,,,,,,,,,4.6,,,,,,,,,,,,,,,,,,,,,,,,,,,,5.0,,,,,795,22488 ,10660 ,845,895,810,874,954,924,974,1004,914,834,954,964,934,1004,993,993,1033,1043,1014,1043,1083,,,
平安京,大宮大路,21,2004 ,,32.6,,31.0,,,,,,,,,,,,,,,,,,,,,,,,,,,,,,,,,,,,,,,,,,,,,,,,,10.7,,,,,,,16.6,,,,,,,,,,,,,,5.5,,,,,,,,,,,,,,,,,,,,,20.8,,,,,,,6.1,795,22488 ,10660 ,845,895,810,874,954,924,974,1004,914,834,954,964,934,1004,993,993,1033,1043,1014,1043,1083,,,
平安京,頼光の屋敷,21,7411 ,,,45.7,,,,,,,,,,,,,,,,,,,,,,,,,,,,,,,,,,,,,,,,,,,,,,13.1,,,,,,,,,,45.3,,,,,,,,,,,,,,4.4,,,,,,,,,,,,,,,,,,,,,,,,,,,,5.0,,805,23116 ,10790 ,855,905,821,885,966,935,985,1016,925,845,966,975,945,1016,1006,1006,1046,1056,1025,1056,1096,,,
平安京,五条の橋,21,17448 ,,,,,,,,,,,,,,,,,,,,,,,,,,,,,,,,,45.5,,,,,,,,,,,,,,,,,,,,,,,,,,,,,,51.2,,,,,,,,,,,,,,,,,,,,,,,,,,,,43.8,,,,,,,,,,,,805,23116 ,10790 ,855,905,821,885,966,935,985,1016,925,845,966,975,945,1016,1006,1006,1046,1056,1025,1056,1096,,,
平安京,大江山,21,2859 ,,43.1,,,,,,,,,,,,,,,,,,,,,,,,,,,,,,,,,,,,,,,,,,,,,,,,,,,12.8,,,,,,,35.6,,,,,,,,,,,,,,4.6,,,,,,,,,,,,,,,,,,,,,,,,,,,,4.4,815,23752 ,10920 ,865,915,831,896,978,946,996,1028,937,855,978,987,955,1028,1018,1018,1059,1068,1037,1068,1109,,,
平安京,三条三坊,21,15484 ,,,,,,,,,,,,,,,,,,,,,,,,,,,,,,,,,29.1,,,,,,,,,,,,,,,,,,,,13.3,,,,,,,,,,35.1,,,,,,,,,,,4.6,,,,,,,,,,,,,,,,,23.6,,,,,,,,,,,9.9,815,23752 ,10920 ,865,915,831,896,978,946,996,1028,937,855,978,987,955,1028,1018,1018,1059,1068,1037,1068,1109,,,
アヴァロン,霧の海岸,21,38359 ,,,,,,,,,,72.6,,,,,,,,,,,,,,,,,,,,,,,,,,,,,,,,,,,,,,,,,,,,,,,,,,,,,,4.8,4.7,4.6,38.7,,,,,,,,,,,,,,,,,,,,,,,,,2.5,2.5,2.7,32.0,,,,,,,,755,20056 ,10140 ,805,855,770,830,906,880,930,956,868,792,906,918,892,956,943,943,981,993,968,993,1031,,,
アヴァロン,コーンウォールの村,21,2821 ,,,,,,,,,,,,,,29.4,,,,,,,,,,,,,,,,,,,,27.7,,,,,,,,,,,,,,,,,,,,,,,28.0,,,,23.4,,,,,,,,,,,,,,,,,,,,,,,,,,,,20.0,,,,,,,,,,,,,,755,20056 ,10140 ,805,855,770,830,906,880,930,956,868,792,906,918,892,956,943,943,981,993,968,993,1031,,,
アヴァロン,ソールズベリー,21,37619 ,,,,,,,,,,,,,,,,,,,,,,,29.0,,,,,,,,,,,,,,,,,,,,21.9,,,,,,,,,,,,,,,,,,17.0,22.9,,,17.9,,,,,,,,,,,,,,,,,,,,,,,,14.8,20.0,,,10.5,,,,,,,,,,755,20056 ,10140 ,805,855,770,830,906,880,930,956,868,792,906,918,892,956,943,943,981,993,968,993,1031,,,
アヴァロン,グロスター,21,5701 ,,,,30.9,,,,,,32.2,,,,,,,,,,,,,,,,,,,,,,,,,,,,10.7,,,,,,,,,,,,,,,,,,,,,,17.0,,,,,,,,,,,4.8,,,,,,,,,,,,,,,,,,,20.0,,,,,4.4,,,,4.5,,,,775,21256 ,10400 ,825,875,790,852,930,902,952,980,891,813,930,941,913,980,968,968,1007,1018,991,1018,1057,,,
アヴァロン,涙の河,21,6667 ,,,,,,,,,,45.2,,,,,,,,,,,,,,28.1,,,,,,,,,,,,,,,,,,,,,,,,,,,,,,,,,,,,,17.7,,,,,,34.3,,,,,,,,,,,,,,,,,,,,,,14.7,,,,,,30.1,,,,,,,,775,21256 ,10400 ,825,875,790,852,930,902,952,980,891,813,930,941,913,980,968,968,1007,1018,991,1018,1057,,,
アヴァロン,ノリッジ,21,34905 ,,,,,,,,,,,,,,,,,,,,,,,,,,,,,,,,,,29.4,,,,,13.3,,,,,,,,,,,,,,,,,,,,,,40.0,,,,,,,4.5,,,,,,,,,,,,,,,,,,,,,34.7,,,,,,,5.2,,,,,,,775,21256 ,10400 ,825,875,790,852,930,902,952,980,891,813,930,941,913,980,968,968,1007,1018,991,1018,1057,,,
アヴァロン,キャメロット,21,4198 ,,,,31.3,,,,,,,,,,,,,,,,,,,23.6,,,,,,,,,,,22.5,,,,,,,,,,,,,,,,,,,,,,,,,,,,,28.7,,17.7,,,,,,,,,,,,,,,,,,,,,,,,,,24.2,,10.3,,19.6,,,,,,,,795,22488 ,10660 ,845,895,810,874,954,924,974,1004,914,834,954,964,934,1004,993,993,1033,1043,1014,1043,1083,,,
アヴァロン,ロンディニウム,21,25154 ,,,,,,,,,,,,,,,,,,,,,,,,,,,,,,,,,,45.3,,,,,,,,,,,,,,,,,,,,,,,,,,,39.9,,,,17.5,,,,,,,,,,,,,,,,,,,,,,,,34.4,,,,10.0,,,,,,,,,,795,22488 ,10660 ,845,895,810,874,954,924,974,1004,914,834,954,964,934,1004,993,993,1033,1043,1014,1043,1083,,,
アヴァロン,マンチェスター,21,5305 ,,,,44.4,,,,,,,,,,,,,,,,,,,,,,,,,,,,,,27.0,,,,,,,,,,,,,,,,,,,,,,,,,,,,,,,17.9,29.5,,,,,,,,,,,,,,,,,,,,,,,20.1,,,,10.3,24.8,,,,,,,,,795,22488 ,10660 ,845,895,810,874,954,924,974,1004,914,834,954,964,934,1004,993,993,1033,1043,1014,1043,1083,,,
アヴァロン,エディンバラ,22,1276 ,45.9,,,,,,,,,,,,,,,,,,,,,,,,,,27.4,,,,,,,,,,,,,,,,,,,,,,,,,,,,,26.4,,,,,,,,,,,23.8,,,,,,,,,,,,,,,,,,,,,,,,,,,,,,,,,,,,835,25048 ,11180 ,885,935,851,918,1002,968,1018,1052,960,876,1002,1010,976,1052,1043,1043,1085,1093,1060,1093,1135,,,
アヴァロン,ニュー・ダーリントン,22,2688 ,,,,,,,,,,45.4,,,,,,,,23.5,,,,,,,,,,,,,,,,,,,,,,,,,,,,,,,,,,,,,,,,,,28.6,,,,22.4,,,,,,,,,,,,,,,,,,,,,,,,,,,,19.1,,,23.7,,,,,,,,835,25048 ,11180 ,885,935,851,918,1002,968,1018,1052,960,876,1002,1010,976,1052,1043,1043,1085,1093,1060,1093,1135,,,
アヴァロン,湖水地方,21,2204 ,,,,40.7,,,,,,44.3,,,,,,,,,,,,,,,,,,,,,,,,,,,,,,,,,,,,,,,,,,,,,,,,,,,,,,4.3,5.6,5.2,27.6,,,,,,,,,,,,,,,,,,,,,,,,18.2,2.4,3.3,2.6,22.8,,,,,,,,815,23752 ,10920 ,865,915,831,896,978,946,996,1028,937,855,978,987,955,1028,1018,1018,1059,1068,1037,1068,1109,,,
アヴァロン,果ての海岸,21,2048 ,47.1,,,,,,,,,42.7,,,,,,,,,,,,,,,,,,,,,,,,,,,,,,,,,,,,,,,,,,,,,,33.8,,,,,,,,4.9,4.5,5.4,4.5,,,,,,,,,,,,,,,,,,,,,,,,,2.4,2.9,2.5,2.3,,,,,,,,815,23752 ,10920 ,865,915,831,896,978,946,996,1028,937,855,978,987,955,1028,1018,1018,1059,1068,1037,1068,1109,,,
アヴァロン,オークニー,21,8419 ,,,,,,,,,,43.6,,,,,,,,,,,,,29.3,,,,,,,,,,,,,,,,,,,,,,,,,,,,,,,,,,,,,,,34.2,,4.5,4.6,4.7,5.0,,,,,,,,,,,,,,,,,,,,,,,29.6,,2.6,2.7,2.5,2.5,,,,,,,,815,23752 ,10920 ,865,915,831,896,978,946,996,1028,937,855,978,987,955,1028,1018,1018,1059,1068,1037,1068,1109,,,
アヴァロン,オックスフォード,22,399346 ,,,,,,,,,,44.7,,,,,,,,,,,,,,,,,,,,,,,,28.6,,,,,,,,,,,,,,,,,,,,,,,,,,,22.9,,,,,,28.5,,,,,,,,,,,,,,,,,,,,,,20.0,,,,,,25.0,,,,,,,,855,26376 ,11440 ,905,955,872,940,1026,990,1040,1076,983,897,1026,1033,997,1076,1068,1068,1111,1118,1083,1118,1161,,,
アヴァロン,ドーバーハウス,22,3846 ,,,,,,,,,,,,,,,,,,,,,,,,29.5,,,,,,,,,,27.6,,,,,,,,,,,,,,,,,,,,49.2,,,,,,,,,,,19.4,,,,,,,,,,,,,,,,,,,,,,,,15.4,,,,10.6,,,,,,,,,,855,26376 ,11440 ,905,955,872,940,1026,990,1040,1076,983,897,1026,1033,997,1076,1068,1068,1111,1118,1083,1118,1161,,,
トラオム,狭間の街,21,126163 ,,,,,,,,,,,45.0,44.2,,,,,,,,,,,,,,,,,,,,,,,,,,,,,,,,,,,,,,,,,,,,,,,,,,,,,,28.7,22.8,,,,,,,,,,,,,,,,,,,,,,,,,,,24.8,19.8,,,,,,,,755,20056 ,10140 ,805,855,770,830,906,880,930,956,868,792,906,918,892,956,943,943,981,993,968,993,1031,,,
トラオム,暁の平原,21,1020 ,,,,,,,,,,,,33.8,,,,,,,,,,,,,26.5,,,,,,,,,,,,,,,,,,,,,,,,,,,,,,,,,,,,33.6,,,,17.2,,,,,,,,,,,,,,,,,,,,,,,,29.7,,,,14.9,,,,,,,,,,755,20056 ,10140 ,805,855,770,830,906,880,930,956,868,792,906,918,892,956,943,943,981,993,968,993,1031,,,
トラオム,中つ森,21,2539 ,,,,,,,,,,,45.1,,,,,,,,,,,,,,,,,,,,,,,,,21.7,,,,,,,,,,,,,,,,,,,,,,,,,,,17.0,,16.5,,17.8,,,,,,,,,,,,,,,,,,,,,,,,15.7,,14.7,,9.8,,,,,,,,755,20056 ,10140 ,805,855,770,830,906,880,930,956,868,792,906,918,892,956,943,943,981,993,968,993,1031,,,
トラオム,薄暮れの森,21,8610 ,,,,,,,,,,,,44.4,,,,,,,,,,,27.7,,,,,,,,,,,,,,,,,,,,,,,,,,,,,,,,,,,,,,17.0,,,,,16.7,16.6,,,,,,,,,,,,,,,,,,,,,,15.4,,,,,15.3,15.0,,,,,,,,775,21256 ,10400 ,825,875,790,852,930,902,952,980,891,813,930,941,913,980,968,968,1007,1018,991,1018,1057,,,
トラオム,天嶮山脈,21,2102 ,,,,,,,,,,,,,,,,,,22.9,,,,,,,,,,,,,,,,,,,,,,,,,,,,,14.9,,,,,,,,,,,,,,,,,,33.7,,,,,9.8,,,,,,,,,,,,,,,,,,,,,,,30.2,,,,,10.0,,,,,775,21256 ,10400 ,825,875,790,852,930,902,952,980,891,813,930,941,913,980,968,968,1007,1018,991,1018,1057,,,
トラオム,王道界域拠点,21,5442 ,,,,,,,,,,,44.6,,,,,,,23.1,,,,,,,,,,,,,,,,,,,,,,,,,,,,,,,,,,,,,,,,,,,11.8,,,,,11.3,28.4,,,,,,,,,,,,,,,,,,,,,,9.5,,,,,9.1,25.3,,,,,,,,775,21256 ,10400 ,825,875,790,852,930,902,952,980,891,813,930,941,913,980,968,968,1007,1018,991,1018,1057,,,
トラオム,クサンテンの塔,21,17113 ,,,,,,,,,,,28.0,61.5,,,,,,,,,,,,,,,,,,,,,,,,,,,,,,,,,,,,,,,,,,,,,,,,,,22.9,,,28.6,,,,,,,,,,,,,,,,,,,,,,,,,21.1,,,25.5,,,,,,,,,,795,22488 ,10660 ,845,895,810,874,954,924,974,1004,914,834,954,964,934,1004,993,993,1033,1043,1014,1043,1083,,,
トラオム,アツァガウク砦,21,2573 ,,,,31.5,,,,,,,,,,,,,,,28.4,,,,,,,,,,,,,,,,,,,,,,,,,,,,,,13.7,,,,,,,,28.8,,,,,,,,,,,,,,,,4.7,,,,,,,,,,,,,,,,,,,,18.3,,,,,,,,5.5,,795,22488 ,10660 ,845,895,810,874,954,924,974,1004,914,834,954,964,934,1004,993,993,1033,1043,1014,1043,1083,,,
トラオム,湖畔の平原,21,1590 ,,,,,,,,,,,43.4,,,30.3,,,,,,,,,,,,,,,,,,,,,,,,,,,,,,,,,,,,,,,,,,,28.9,,,,,11.2,,11.4,,,,,,,,,,,,,,,,,,,,,,,,,,9.7,,8.7,,,,,,,,,,,795,22488 ,10660 ,845,895,810,874,954,924,974,1004,914,834,954,964,934,1004,993,993,1033,1043,1014,1043,1083,,,
トラオム,シルミウム,21,12821 ,,,,,,,,,,,72.5,,,,,,,,,,,,,,,,,,,,,,,,,,,,,,,,,,,,,,,,,,,,,,,,,,28.3,,,23.1,,,,,,,,,,,,,,,,,,,,,,,,,24.9,,,20.2,,,,,,,,,,,815,23752 ,10920 ,865,915,831,896,978,946,996,1028,937,855,978,987,955,1028,1018,1018,1059,1068,1037,1068,1109,,,
トラオム,復権界域拠点,21,2675 ,,,,41.4,,,,,,,46.0,,,,,,,,,,,,,,,,,,,,,,,,,,,,,,,,,,,,,,,,,,,,,,,,,,,17.6,,21.5,,,,,,,,,,,,,,,,,,,,,,,,,,14.9,,38.3,,,,,,,,,,,815,23752 ,10920 ,865,915,831,896,978,946,996,1028,937,855,978,987,955,1028,1018,1018,1059,1068,1037,1068,1109,,,
トラオム,門前の平原,21,5174 ,,,,,,,,,,,,46.3,,,,,,,,,,,,,,,,,,,,,,,,,,,,,,,,,,12.7,,,,,,,,,,,,,,,,17.0,,,,17.1,5.5,,,,,,4.7,,,,,,,,,,,,,,,,,15.5,,,,15.1,5.2,,,,,,5.3,,815,23752 ,10920 ,865,915,831,896,978,946,996,1028,937,855,978,987,955,1028,1018,1018,1059,1068,1037,1068,1109,,,
トラオム,復讐界域拠点,22,2125 ,,,,42.0,,,,,,,,49.9,,,,,,,,,,,,,,,,,,,,,,,,,,,,,,,,,,,,,,,,,,,,,,,,,17.4,,,,12.0,,11.2,,,,,,,,,,,,,,,,,,,,,,15.7,,,,10.7,,30.7,,,,,,,,835,25048 ,11180 ,885,935,851,918,1002,968,1018,1052,960,876,1002,1010,976,1052,1043,1043,1085,1093,1060,1093,1135,,,
トラオム,ライヘンバッハ,22,45350 ,,,,,,,,,,,61.2,27.6,,,,,,,,,,,,,,,,,,,,,,,,,,,,,,,,,,,,,,,,,,,,,,,,,,,28.2,22.8,,,,,,,,,,,,,,,,,,,,,,,,,,,24.7,19.5,,,,,,,,,,,835,25048 ,11180 ,885,935,851,918,1002,968,1018,1052,960,876,1002,1010,976,1052,1043,1043,1085,1093,1060,1093,1135,,,
トラオム,果ての荒野,22,1599 ,,,,,,,,,,,,,,,,,,,,,26.6,,,,,,,,,,,,,,,,,,,,,,,,,,12.4,,,,,,,,,44.7,,,,,,,16.8,,,,,,4.6,,,,,,,,,,,,,,,,,,,,,,13.4,,,,,,5.4,,,,,,855,26376 ,11440 ,905,955,872,940,1026,990,1040,1076,983,897,1026,1033,997,1076,1068,1068,1111,1118,1083,1118,1161,,,
トラオム,ヨウィヌス砦,22,4222 ,,,,,,,,,,,,73.4,,,,,,,,,,,,,,,,,,,,,,,,,,,,,,,,,,,,,,,,,,,,,,,,,,,5.7,22.9,,,22.5,,,,,,,,,,,,,,,,,,,,,,,,4.2,18.6,,,17.9,,,,,,,,855,26376 ,11440 ,905,955,872,940,1026,990,1040,1076,983,897,1026,1033,997,1076,1068,1068,1111,1118,1083,1118,1161,,,
ミクトラン,チコモストク,21,3584 ,,,,,,,,,,,,,45.6,,,,,,,,,,,,,,,,,,,,,,,22.0,,,,,,,,,,,,,,,,,,,35.0,,,,,,,,,,,,17.6,,,,,,,,,,,,,,,,,,,,,,,,,,,,9.6,,,,,,,,755,20056 ,10140 ,805,855,770,830,906,880,930,956,868,792,906,918,892,956,943,943,981,993,968,993,1031,,,
ミクトラン,賢者の隠れ家,21,1215 ,,,,,,,,,,,,,,,,,,23.6,,,,,,,,,,,,,,,,,29.4,,,,,,,,,,,,,,,,,,,,,,35.2,,,,,,,17.4,,,,,,,,,,,,,,,,,,,,,,,,,,,,10.0,,,,,,,,,,,755,20056 ,10140 ,805,855,770,830,906,880,930,956,868,792,906,918,892,956,943,943,981,993,968,993,1031,,,
ミクトラン,トウモロコシ畑,21,1378 ,,,,,,,,,,,,,,,,,31.7,,,,,,,,,,,,,,,,,,27.6,,,,,,,,,,,,,,,,,,,,,15.7,,,,,,,27.8,,,,17.7,,,,,,,,,,,,,,,,,,,,,,,,17.4,,,,15.3,,,,,,,,755,20056 ,10140 ,805,855,770,830,906,880,930,956,868,792,906,918,892,956,943,943,981,993,968,993,1031,,,
ミクトラン,トラトラウキ,21,1131 ,,,,40.1,,,,,,,,,,,,,,,,,,,,,,,,,,29.7,,,,,,,,,,,,,,,,,,,,,,,,,,,,,,15.9,,,,,,,6.0,,,,,,,,,,,,,,,,,,,,,,,,,,,,5.5,,,,,,,,775,21256 ,10400 ,825,875,790,852,930,902,952,980,891,813,930,941,913,980,968,968,1007,1018,991,1018,1057,,,
ミクトラン,大平原,21,107673 ,,,,,,,,,,,,,45.8,,,,,,,,,,,,,,,,,,,,,,28.0,,,,,,,,,,,,,,,,,,,34.8,,,,,,,,,,,,17.2,,,,,,,,,,,,,,,,,,,,,,,,,,,,15.1,,,,,,,,,775,21256 ,10400 ,825,875,790,852,930,902,952,980,891,813,930,941,913,980,968,968,1007,1018,991,1018,1057,,,
ミクトラン,チチェン・イツァー,21,1626 ,,,,41.8,,,,,,,,,47.6,,,,,,,,,,,,,,,,,,,,,,,,,,,,,,,,,,,,,,,,,23.7,22.8,,,,,,,,,,,,,,,,,,,,,,,,,,,,,,,,,,,,,,,19.0,,,,,,,,,775,21256 ,10400 ,825,875,790,852,930,902,952,980,891,813,930,941,913,980,968,968,1007,1018,991,1018,1057,,,
ミクトラン,クラッシュポイント,21,8385 ,,,,,,,,,,,,,72.5,,,,,,,,,,,,,,,,,,,,,,,,,,,,,,,,,,,,,,,,,17.3,17.2,,,,,,,,,,,,16.9,,,,,,,,,,,,,,,,,,,,,,,,,,,,14.7,,,,,,,,795,22488 ,10660 ,845,895,810,874,954,924,974,1004,914,834,954,964,934,1004,993,993,1033,1043,1014,1043,1083,,,
ミクトラン,イスタウキ,21,2160 ,,34.7,,30.5,,,,,,,,,,,,21.4,,,,,,,,,,,,,,,,,,,,,,,,,,,,,,,,,,,,,,,,,,,,26.0,,,,,,,17.6,,,,,,,,,,,,,,,,,,,,,,19.7,,,,,,9.1,,,,,,,,795,22488 ,10660 ,845,895,810,874,954,924,974,1004,914,834,954,964,934,1004,993,993,1033,1043,1014,1043,1083,,,
ミクトラン,メヒコシティ,21,11424 ,,,,30.7,,,,,,,,,33.0,,,,,,,,,,,,,,,,,,,,,,23.2,,,,,,,,,,,,,,,,,,,23.4,,,,,,,,,,,,,23.0,,,,,,,,,,,,,,,,,,,,,,,,,,,,20.8,,,,,,,,795,22488 ,10660 ,845,895,810,874,954,924,974,1004,914,834,954,964,934,1004,993,993,1033,1043,1014,1043,1083,,,
ミクトラン,ヤヤウキ,22,1114 ,,46.6,,,,,,,,,,,,,27.1,,,,,,,,,,,,,,,,,,,,,,,,,,,,,,,,,,,,,,,,22.9,24.7,,,,,,,,,,5.7,,,,,,,,,,,,,,,,,,,,,,,,,,,,4.3,,,,,,,,,855,26376 ,11440 ,905,955,872,940,1026,990,1040,1076,983,897,1026,1033,997,1076,1068,1068,1111,1118,1083,1118,1161,,,
ミクトラン,カラクムル,22,1110 ,,39.7,,,,,,,,,,,,,,,,,,,,,,,,,,,,,,,,,28.4,,,,,,,,,,,,,,,,,,,,,,,,,,,,,,,,40.5,,,,,4.9,,,,,,,,,,,,,,,,,,,,,,,11.0,,,,,4.5,,,835,25048 ,11180 ,885,935,851,918,1002,968,1018,1052,960,876,1002,1010,976,1052,1043,1043,1085,1093,1060,1093,1135,,,
ミクトラン,カーンの廃墟,21,1254 ,,,,,,,,44.0,,,,,43.9,,,,,,,,,,,,,,,,,,,,,,,,,,,,,,,,,,,,,,,,,,,,,,,42.6,,,,,,,11.1,,,,,,,,,,,,,,,,,,,,,,,,,,,,9.5,,,,,,,,815,23752 ,10920 ,865,915,831,896,978,946,996,1028,937,855,978,987,955,1028,1018,1018,1059,1068,1037,1068,1109,,,
ミクトラン,ソソアウワキ,21,1215 ,,,,31.4,,,,,,,,,,,,,,,,,,,,,,,,,,,,,,,,,,,,,,,,,,10.9,11.8,,,,,,,,,,,,,,,,,,,,,,3.1,,,,4.6,,,,,,,,,,,,,,,,,,20.8,,,,,,5.3,,,,4.2,,815,23752 ,10920 ,865,915,831,896,978,946,996,1028,937,855,978,987,955,1028,1018,1018,1059,1068,1037,1068,1109,,,
ミクトラン,メツィティトラン,21,1112 ,,,,,,,,,,,,,,,,,,,,,,,,,,,,,,31.1,,,,,27.6,,,,,,,,,,,,,,,,,,,,,,,,,32.3,,,,,,,18.3,,,,,,,,,,,,,,,,,,,,,,,,,,,,13.9,,,,,,,,815,23752 ,10920 ,865,915,831,896,978,946,996,1028,937,855,978,987,955,1028,1018,1018,1059,1068,1037,1068,1109,,,
ミクトラン,焼きモロコシ畑,21,2818 ,,,,,,,,,,,,,,,,,,,,,,,,,,,,,,,,,,,47.2,,,,,,,,,,,,,,,,,,,,,,,,,,,,,18.2,,34.7,,,,,,,,,,,,,,,,,,,,,,,,,,10.9,,30.1,,,,,,,,,815,23752 ,10920 ,865,915,831,896,978,946,996,1028,937,855,978,987,955,1028,1018,1018,1059,1068,1037,1068,1109,,,
ミクトラン,ティカル遺跡,22,1496 ,,42.4,,,,,,,,,,,45.7,,,,,,,,,,,,,,,,,,,,,,,,,,,,,,,,,,,,,,,,,16.1,16.7,,,,,,,,,,,,10.7,,,,,5.1,,,,,,,,,,,,,,,,,,,,,,,9.8,,,,,4.8,,,855,26376 ,11440 ,905,955,872,940,1026,990,1040,1076,983,897,1026,1033,997,1076,1068,1068,1111,1118,1083,1118,1161,,,
,,,,,,,,,,,,,,,,,,,,,,,,,,,,,,,,,,,,,,,,,,,,,,,,,,,,,,,,,,,,,,,,,,,,,,,,,,,,,,,,,,,,,,,,,,,,,,,,,,,,,,,,,,,,,,,,,,,,,,,,,,,,,,,,,,,,
,,,,,,,,,,,,,,,,,,,,,,,,,,,,,,,,,,,,,,,,,,,,,,,,,,,,,,,,,,,,,,,,,,,,,,,,,,,,,,,,,,,,,,,,,,,,,,,,,,,,,,,,,,,,,,,,,,,,,,,,,,,,,,,,,,,,
,,,,,,,,,,,,,,,,,,,,,,,,,,,,,,,,,,,,,,,,,,,,,,,,,,,,,,,,,,,,,,,,,,,,,,,,,,,,,,,,,,,,,,,,,,,,,,,,,,,,,,,,,,,,,,,,,,,,,,,,,,,,,,,,,,,,
,,,,,,,,,,,,,,,,,,,,,,,,,,,,,,,,,,,,,,,,,,,,,,,,,,,,,,,,,,,,,,,,,,,,,,,,,,,,,,,,,,,,,,,,,,,,,,,,,,,,,,,,,,,,,,,,,,,,,,,,,,,,,,,,,,,,
,,,,,,,,,,,,,,,,,,,,,,,,,,,,,,,,,,,,,,,,,,,,,,,,,,,,,,,,,,,,,,,,,,,,,,,,,,,,,,,,,,,,,,,,,,,,,,,,,,,,,,,,,,,,,,,,,,,,,,,,,,,,,,,,,,,,
エリア,クエスト名,AP,データ数,銅素材,,,,,,,,,,,,,銀素材,,,,,,,,,,,,,,,,,,,,,,金素材,,,,,,,,,,,,,,,,,,輝石,,,,,,,魔石,,,,,,,秘石,,,,,,,ピース,,,,,,,モニュ,,,,,,,猛火,,,,,,,業火,,,,,,,基本絆P,EXP,QP,肖像,,ランチタイム,,,肖像+ランチタイム,,,ティータイム（茶）,,,肖像+ﾌﾚﾃｨｰﾀｲﾑ凸,,,ランチ+茶凸,,,3種,,,,,,
,,,,証,骨,牙,塵,鎖,毒針,髄液,鉄杭,火薬,小鐘,剣,灰,刃,種,ﾗﾝﾀﾝ,八連,蛇玉,羽根,歯車,頁,ホム,蹄鉄,勲章,貝殻,勾玉,結氷,指輪,ｵｰﾛﾗ,鈴,矢尻,冠,霊子,糸玉,鱗粉,皮,爪,心臓,逆鱗,根,幼角,涙石,脂,ﾗﾝﾌﾟ,ｽｶﾗﾍﾞ,産毛,胆石,神酒,炉心,鏡,卵,ｶｹﾗ,実,鬼灯,剣輝,弓輝,槍輝,騎輝,術輝,殺輝,狂輝,剣魔,弓魔,槍魔,騎魔,術魔,殺魔,狂魔,剣秘,弓秘,槍秘,騎秘,術秘,殺秘,狂秘,剣ピ,弓ピ,槍ピ,騎ピ,術ピ,殺ピ,狂ピ,剣モ,弓モ,槍モ,騎モ,術モ,殺モ,狂モ,剣猛火,弓猛火,槍猛火,騎猛火,術猛火,殺猛火,狂猛火,剣業火,弓業火,槍業火,騎業火,術業火,殺業火,狂業火,,,,肖像1,肖像2,未凸1,凸1,凸2,像1+凸1,像2+凸1,像1+凸2,ﾌﾚ凸1,自凸1,凸2,像1+茶1,像2+茶1,像1+茶2,ラ+ﾌﾚ茶1,ラ2+自茶,ラ1+茶2,像+ﾗ+ﾌﾚ茶,像2+ﾗ+自茶,像+ﾗ2+自茶,像+ﾗ+茶2,,,
,,,,,,,,,,,,,,,,,,,,,,,,,,,,,,,,,,,,,,,,,,,,,,,,,,,,,,,,,,,,,,,,,,,,,,,,,,,,,,,,,,,,,,,,,,,,,,,,,,,,,,,,,,,,,,,,,,,,,,,,,,,,,,,,,,,,
,,,,※各dataシートに入力された数字から自動計算。,,,,,,,,,,,,,,,,,,,,,,,,,,,,,,,,,,,,,,,,,,,,,,,,,,,,,,,,,,,,,,,,,,,,,,,,,,,,,,,,,,,,,,,,,,,,,,,,,,,,,,,,,,,,,,,,,,,,,,,,,,,,,,,,
,,,,※表内数字の単位は％,,,,,,,,,,,,,,,,,,,,,,,,,,,,,,,,,,,,,,,,,,,,,,,,,,,,,,,,,,,,,,,,,,,,,,,,,,,,,,,,,,,,,,,,,,,,,,,,,,,,,,,,,,,,,,,,,,,,,,,,,,,,,,,,
,,,,※修練場は極級が追加された2022/01/01以降のもののみ集計。,,,,,,,,,,,,,,,,,,,,,,,,,,,,,,,,,,,,,,,,,,,,,,,,,,,,,,,,,,,,,,,,,,,,,,,,,,,,,,,,,,,,,,,,,,,,,,,,,,,,,,,,,,,,,,,,,,,,,,,,,,,,,,,,
,,,,,,,,,,,,,,,,,,,,,,,,,,,,,,,,,,,,,,,,,,,,,,,,,,,,,,,,,,,,,,,,,,,,,,,,,,,,,,,,,,,,,,,,,,,,,,,,,,,,,,,,,,,,,,,,,,,,,,,,,,,,,,,,,,,,
,,,,,,,,,,,,,,,,,,,,,,,,,,,,,,,,,,,,,,,,,,,,,,,,,,,,,,,,,,,,,,,,,,,,,,,,,,,,,,,,,,,,,,,,,,,,,,,,,,,,,,,,,,,,,,,,,,,,,,,,,,,,,,,,,,,,
,,,,,,,,,,,,,,,,,,,,,,,,,,,,,,,,,,,,,,,,,,,,,,,,,,,,,,,,,,,,,,,,,,,,,,,,,,,,,,,,,,,,,,,,,,,,,,,,,,,,,,,,,,,,,,,,,,,,,,,,,,,,,,,,,,,,
,,,,,,,,,,,,,,,,,,,,,,,,,,,,,,,,,,,,,,,,,,,,,,,,,,,,,,,,,,,,,,,,,,,,,,,,,,,,,,,,,,,,,,,,,,,,,,,,,,,,,,,,,,,,,,,,,,,,,,,,,,,,,,,,,,,,
,,,,,,,,,,,,,,,,,,,,,,,,,,,,,,,,,,,,,,,,,,,,,,,,,,,,,,,,,,,,,,,,,,,,,,,,,,,,,,,,,,,,,,,,,,,,,,,,,,,,,,,,,,,,,,,,,,,,,,,,,,,,,,,,,,,,
,,,,,,,,,,,,,,,,,,,,,,,,,,,,,,,,,,,,,,,,,,,,,,,,,,,,,,,,,,,,,,,,,,,,,,,,,,,,,,,,,,,,,,,,,,,,,,,,,,,,,,,,,,,,,,,,,,,,,,,,,,,,,,,,,,,,